epoch,accuracy,f1_m,loss,precision_m,recall_m
0,0.8740000128746033,0.859077513217926,0.40188002586364746,0.9023149013519287,0.8336661458015442
0,0.8791999816894531,0.8613063097000122,0.3957459032535553,0.895950198173523,0.8383586406707764
0,0.8719000220298767,0.8534408211708069,0.41392114758491516,0.8966357707977295,0.8279752135276794
0,0.8741000294685364,0.8533749580383301,0.40433552861213684,0.8946090340614319,0.8291733264923096
0,0.8801000118255615,0.8572695851325989,0.3978363573551178,0.8914561867713928,0.8352635502815247
0,0.8719000220298767,0.85548335313797,0.42408227920532227,0.9031981229782104,0.8275758624076843
0,0.8808000087738037,0.8641449213027954,0.39355000853538513,0.9047253131866455,0.840255618095398
0,0.8727999925613403,0.8531125783920288,0.42346450686454773,0.8980705142021179,0.8275758624076843
0,0.8815000057220459,0.8636928796768188,0.39066240191459656,0.9006878137588501,0.8394568562507629
0,0.8815000057220459,0.8570787906646729,0.4069223701953888,0.8957326412200928,0.8324680328369141
0,0.8776000142097473,0.8558169007301331,0.408900648355484,0.8931456804275513,0.832068681716919
0,0.8769000172615051,0.8588979244232178,0.4136923849582672,0.9009796380996704,0.8351637125015259
1,0.953499972820282,0.9536619186401367,0.15301519632339478,0.9611871242523193,0.9464856386184692
2,0.9704999923706055,0.9707978963851929,0.09359531104564667,0.9750150442123413,0.9667531847953796
3,0.9776999950408936,0.9781789779663086,0.07341253012418747,0.9807072281837463,0.9757388234138489
4,0.9817000031471252,0.981947660446167,0.05303279310464859,0.9843502640724182,0.9796326160430908
5,0.98580002784729,0.9856263995170593,0.04228584095835686,0.9871754050254822,0.9841253757476807
6,0.9865999817848206,0.9863344430923462,0.03881277143955231,0.9873815178871155,0.9853234887123108
7,0.9898999929428101,0.9898479580879211,0.028750980272889137,0.9907082319259644,0.9890175461769104
8,0.9908999800682068,0.9909034371376038,0.02750956453382969,0.991410493850708,0.9904153347015381
9,0.9904000163078308,0.9904993772506714,0.025933269411325455,0.9911013245582581,0.9899161458015442
0,0.8823999762535095,0.8655193448066711,0.38215911388397217,0.9051259160041809,0.842052698135376
1,0.963100016117096,0.963587760925293,0.12508219480514526,0.969674289226532,0.9577675461769104
2,0.9732999801635742,0.9736608862876892,0.08499322831630707,0.9771972298622131,0.9702476263046265
3,0.9805999994277954,0.9804056882858276,0.06170867383480072,0.9825534224510193,0.9783346652984619
4,0.9825999736785889,0.9832682013511658,0.05271191895008087,0.9851721525192261,0.9814296960830688
5,0.9873999953269958,0.9875929951667786,0.038863420486450195,0.9885956645011902,0.9866213798522949
6,0.9878000020980835,0.9879018068313599,0.034299805760383606,0.9884021282196045,0.9874201416969299
7,0.9904000163078308,0.9904978275299072,0.029621027410030365,0.9910981059074402,0.9899161458015442
8,0.9919000267982483,0.9917861819267273,0.024386320263147354,0.9924798011779785,0.9911141991615295
9,0.9937999844551086,0.9938527941703796,0.020775992423295975,0.9942060708999634,0.993510365486145
0,0.8752999901771545,0.856548547744751,0.39892908930778503,0.8948614597320557,0.8323681950569153
1,0.9603000283241272,0.9606002569198608,0.12944380939006805,0.9675502777099609,0.953973650932312
2,0.9726999998092651,0.9727209210395813,0.08912680298089981,0.9767390489578247,0.9688498377799988
3,0.9797000288963318,0.9805309772491455,0.06847861409187317,0.9836453795433044,0.9775359630584717
4,0.9807000160217285,0.9807610511779785,0.05612564831972122,0.9830690622329712,0.9785343408584595
5,0.9868000149726868,0.9865818023681641,0.03998078778386116,0.9877808690071106,0.9854233264923096
6,0.9879999756813049,0.9878305196762085,0.03741823881864548,0.9889819622039795,0.9867212176322937
7,0.988099992275238,0.988502562046051,0.030793029814958572,0.9892076253890991,0.987819492816925
8,0.9901999831199646,0.990301251411438,0.02935957722365856,0.9908050298690796,0.9898163080215454
9,0.9922999739646912,0.9924977421760559,0.02238275669515133,0.9931045770645142,0.9919129610061646
0,0.8835999965667725,0.867870569229126,0.3893067538738251,0.9108664393424988,0.8434504866600037
1,0.9616000056266785,0.9612302184104919,0.13081778585910797,0.9669169187545776,0.9557707905769348
2,0.9749000072479248,0.9748080968856812,0.08094123750925064,0.9780994057655334,0.9716453552246094
3,0.9775999784469604,0.977675199508667,0.06907760351896286,0.9804053902626038,0.9750399589538574
4,0.9818999767303467,0.9819572567939758,0.05508380010724068,0.9839546084403992,0.9800319671630859
5,0.9839000105857849,0.9836850166320801,0.047260530292987823,0.9853943586349487,0.9820287823677063
6,0.9878000020980835,0.988201379776001,0.03666883707046509,0.988908052444458,0.9875199794769287
7,0.9916999936103821,0.9917513132095337,0.02403630129992962,0.9923058748245239,0.9912140369415283
8,0.991599977016449,0.9916071891784668,0.02391672134399414,0.9919097423553467,0.9913138747215271
9,0.991599977016449,0.9916498064994812,0.024576574563980103,0.9922060370445251,0.9911141991615295
0,0.8819000124931335,0.8608860373497009,0.3957219421863556,0.9031656980514526,0.8365615010261536
1,0.9617000222206116,0.961709201335907,0.1290028989315033,0.9679588079452515,0.9557707905769348
2,0.9724000096321106,0.9734906554222107,0.08592911809682846,0.9781234860420227,0.9690495133399963
3,0.9800999760627747,0.9801474809646606,0.06292783468961716,0.9827595949172974,0.9776358008384705
4,0.9850999712944031,0.9849177598953247,0.04756525903940201,0.9866662621498108,0.9832268357276917
5,0.9894000291824341,0.9893931150436401,0.030947692692279816,0.9902961850166321,0.9885183572769165
6,0.9878000020980835,0.987993597984314,0.03487851470708847,0.9890044927597046,0.9870207905769348
7,0.9912999868392944,0.9914059638977051,0.026828637346625328,0.9918099045753479,0.9910143613815308
8,0.9919999837875366,0.9920556545257568,0.02334834821522236,0.9924089312553406,0.991713285446167
9,0.9937999844551086,0.9937037229537964,0.01828562468290329,0.9940063953399658,0.9934105277061462
0,0.8776000142097473,0.8576750755310059,0.4103194773197174,0.8960508704185486,0.8341653347015381
1,0.9577999711036682,0.9581087231636047,0.1395416557788849,0.9643055200576782,0.9521765112876892
2,0.9724000096321106,0.9722866415977478,0.08943943679332733,0.9760663509368896,0.9686501622200012
3,0.977400004863739,0.9777035713195801,0.06913873553276062,0.9809844493865967,0.9745407104492188
4,0.9848999977111816,0.9851301312446594,0.047746699303388596,0.9868919849395752,0.9834265112876892
5,0.9876000285148621,0.9871301651000977,0.04134778678417206,0.9883798956871033,0.9859225153923035
6,0.9878000020980835,0.9879003167152405,0.036835432052612305,0.9887051582336426,0.9871206283569336
7,0.9907000064849854,0.9906007051467896,0.028281280770897865,0.9913074374198914,0.9899161458015442
8,0.9922000169754028,0.9921586513519287,0.025214428082108498,0.9924121499061584,0.9919129610061646
9,0.9901000261306763,0.9904977083206177,0.028353406116366386,0.9912043809890747,0.9898163080215454
0,0.8733999729156494,0.8570553660392761,0.41478779911994934,0.8974399566650391,0.8311701416969299
1,0.9578999876976013,0.9586305618286133,0.13771289587020874,0.9655730724334717,0.9519768357276917
2,0.9707000255584717,0.9709538817405701,0.09396156668663025,0.9741758108139038,0.967851459980011
3,0.9789000153541565,0.9791967868804932,0.06536523997783661,0.9819478392601013,0.9765375256538391
4,0.983299970626831,0.9830650687217712,0.05223677307367325,0.9849626421928406,0.9812300205230713
5,0.9864000082015991,0.9860841631889343,0.043470222502946854,0.9874910116195679,0.9847244620323181
6,0.9882000088691711,0.9880856871604919,0.03466156870126724,0.9893944263458252,0.9868211150169373
7,0.9889000058174133,0.9890097975730896,0.032111648470163345,0.9895167946815491,0.9885183572769165
8,0.9912999868392944,0.9909447431564331,0.025059010833501816,0.9918034672737122,0.9901158213615417
9,0.9911999702453613,0.9910539388656616,0.025548508390784264,0.9915071725845337,0.9906150102615356
0,0.8769000172615051,0.8566823601722717,0.4089412987232208,0.8928217887878418,0.8325678706169128
1,0.9578999876976013,0.9589641094207764,0.13643841445446014,0.9661779403686523,0.9520766735076904
2,0.9732000231742859,0.9733941555023193,0.08707792311906815,0.9768809080123901,0.9700479507446289
3,0.9778000116348267,0.9777796864509583,0.06640057265758514,0.9806175231933594,0.9750399589538574
4,0.9833999872207642,0.9834120869636536,0.050343722105026245,0.9849492907524109,0.9819288849830627
5,0.9872000217437744,0.9874454736709595,0.037817422300577164,0.9882991909980774,0.9866213798522949
6,0.9887999892234802,0.9888052344322205,0.037943605333566666,0.9894105195999146,0.9882188439369202
7,0.9894999861717224,0.9895516037940979,0.03047836385667324,0.9902060031890869,0.9889177083969116
8,0.9914000034332275,0.991299569606781,0.02429761365056038,0.9916971921920776,0.990914523601532
9,0.9929999709129333,0.9929589033126831,0.020364131778478622,0.9931110143661499,0.9928115010261536
0,0.880299985408783,0.8599866032600403,0.40438053011894226,0.9110274314880371,0.8371605277061462
1,0.9556999802589417,0.9567466378211975,0.14200474321842194,0.963526725769043,0.9502795338630676
2,0.9663000106811523,0.9671705961227417,0.10236593335866928,0.9708288311958313,0.9636581540107727
3,0.9783999919891357,0.978061854839325,0.06768184900283813,0.9803696870803833,0.9758386611938477
4,0.9824000000953674,0.9829179644584656,0.05600772798061371,0.9846631288528442,0.9812300205230713
5,0.9855999946594238,0.9859321713447571,0.04044881463050842,0.9871786236763,0.9847244620323181
6,0.989300012588501,0.9895960688591003,0.03349912539124489,0.9903992414474487,0.9888178706169128
7,0.9886000156402588,0.9885976314544678,0.03457953408360481,0.9895039200782776,0.9877196550369263
8,0.9919999837875366,0.9920540452003479,0.025528308004140854,0.992611825466156,0.9915135502815247
9,0.991599977016449,0.9914090633392334,0.023663925006985664,0.991713285446167,0.9911141991615295
0,0.8791000247001648,0.8608010411262512,0.40099579095840454,0.9033132195472717,0.8359624743461609
1,0.9628999829292297,0.9643711447715759,0.12058452516794205,0.970559298992157,0.9584664702415466
2,0.9742000102996826,0.9744072556495667,0.08432389795780182,0.9773740768432617,0.9715455174446106
3,0.982200026512146,0.9824104905128479,0.058702509850263596,0.98436039686203,0.9805311560630798
4,0.9833999872207642,0.9832663536071777,0.049124039709568024,0.9849658608436584,0.9816293716430664
5,0.9872000217437744,0.9877434372901917,0.03758733347058296,0.988695502281189,0.9868211150169373
6,0.9900000095367432,0.9901919364929199,0.029738936573266983,0.9910948872566223,0.9893171191215515
7,0.9911999702453613,0.9916990399360657,0.024402331560850143,0.9921995997428894,0.9912140369415283
8,0.9915000200271606,0.9917481541633606,0.025279778987169266,0.9924024939537048,0.9911141991615295
9,0.991100013256073,0.9911506772041321,0.026241129264235497,0.9917036294937134,0.9906150102615356
0,0.9761999845504761,0.9753186702728271,0.07973221689462662,0.9801557064056396,0.972244381904602
1,0.9894999861717224,0.9894407391548157,0.027855465188622475,0.9903960227966309,0.9885183572769165
2,0.9939000010490417,0.9940967559814453,0.016434190794825554,0.9947020411491394,0.993510365486145
3,0.9939000010490417,0.9938512444496155,0.018628206104040146,0.9943059086799622,0.9934105277061462
4,0.9941999912261963,0.9940540194511414,0.015254233032464981,0.9943059086799622,0.9938098788261414
5,0.9955999851226807,0.9956039190292358,0.012253200635313988,0.9958066940307617,0.9954073429107666
6,0.9955999851226807,0.9955024123191833,0.013742678798735142,0.9958066940307617,0.995207667350769
7,0.995199978351593,0.9951062798500061,0.012836659327149391,0.995207667350769,0.9950079917907715
8,0.9954000115394592,0.9953535199165344,0.012227741070091724,0.9956070184707642,0.9951078295707703
9,0.9958999752998352,0.9958558678627014,0.010864842683076859,0.9959065318107605,0.9958066940307617
0,0.9175000190734863,0.9188370704650879,0.45258256793022156,0.9260848760604858,0.91194087266922
1,0.9732000231742859,0.9734187126159668,0.08394084870815277,0.976598858833313,0.9703474640846252
2,0.9829999804496765,0.9831730127334595,0.05174783244729042,0.9849789142608643,0.9814296960830688
3,0.9866999983787537,0.9862871766090393,0.03970387205481529,0.98748779296875,0.9851238131523132
4,0.9900000095367432,0.9901412725448608,0.030587060377001762,0.9909918308258057,0.9893171191215515
5,0.9901999831199646,0.9902014136314392,0.026907717809081078,0.9908050298690796,0.9896166324615479
6,0.9922000169754028,0.9921586513519287,0.022744977846741676,0.9924121499061584,0.9919129610061646
7,0.9916999936103821,0.991946280002594,0.024147847667336464,0.9926021695137024,0.9913138747215271
8,0.9934999942779541,0.9933567047119141,0.019637031480669975,0.9936102032661438,0.9931110143661499
9,0.9950000047683716,0.9950048923492432,0.01648390293121338,0.995207667350769,0.9948083162307739
0,0.9799000024795532,0.9793660044670105,0.0596146285533905,0.9831807017326355,0.9768370389938354
1,0.9927999973297119,0.9928495287895203,0.020250488072633743,0.9935071468353271,0.9922124743461609
2,0.9929999709129333,0.9932045936584473,0.01947636902332306,0.9936102032661438,0.9928115010261536
3,0.9922999739646912,0.9921046495437622,0.023419145494699478,0.9925119876861572,0.991713285446167
4,0.9959999918937683,0.9959557056427002,0.01401506457477808,0.9960063695907593,0.9959065318107605
5,0.9958000183105469,0.9958511590957642,0.011392325162887573,0.9961029887199402,0.9956070184707642
6,0.9943000078201294,0.9942061305046082,0.01808350346982479,0.9944089651107788,0.9940096139907837
7,0.9955999851226807,0.9956545829772949,0.014777704142034054,0.9958066940307617,0.9955071806907654
8,0.9952999949455261,0.9953535199165344,0.01324346475303173,0.9955039620399475,0.995207667350769
9,0.9965000152587891,0.9963535070419312,0.009892349131405354,0.996505618095398,0.9962060451507568
0,0.977400004863739,0.9762549996376038,0.06943739950656891,0.9816914796829224,0.9729433059692383
1,0.9905999898910522,0.9906086921691895,0.026113945990800858,0.9910143613815308,0.9902156591415405
2,0.9927999973297119,0.9928084015846252,0.020358849316835403,0.9930111765861511,0.992611825466156
3,0.9944000244140625,0.9943535923957825,0.016198882833123207,0.9946054220199585,0.9941094517707825
4,0.9950000047683716,0.9950555562973022,0.014851911924779415,0.995207667350769,0.9949081540107727
5,0.9925000071525574,0.992600679397583,0.020323563367128372,0.9930015206336975,0.9922124743461609
6,0.9962000250816345,0.9962504506111145,0.011466681025922298,0.9965023994445801,0.9960063695907593
7,0.9965000152587891,0.9964548945426941,0.0116769103333354,0.996505618095398,0.9964057803153992
8,0.9951000213623047,0.9950506687164307,0.013384991325438023,0.9953010678291321,0.9948083162307739
9,0.9972000122070312,0.9972044825553894,0.00920725055038929,0.9972044825553894,0.9972044825553894
0,0.9758999943733215,0.9745519757270813,0.07285341620445251,0.9794127941131592,0.9710463285446167
1,0.9912999868392944,0.9910539388656616,0.024670252576470375,0.9914040565490723,0.9907148480415344
2,0.9912999868392944,0.9914469718933105,0.023071028292179108,0.991999626159668,0.990914523601532
3,0.9936000108718872,0.9933028817176819,0.017381737008690834,0.9937068223953247,0.9929113388061523
4,0.9927999973297119,0.9928084015846252,0.019464345648884773,0.9930111765861511,0.992611825466156
5,0.9951000213623047,0.9950540065765381,0.013003640808165073,0.9952044486999512,0.9949081540107727
6,0.994700014591217,0.9947544932365417,0.013983543030917645,0.9949049353599548,0.9946086406707764
7,0.9958000183105469,0.9959034323692322,0.011597915552556515,0.9960031509399414,0.9958066940307617
8,0.9948999881744385,0.9948558807373047,0.014613404870033264,0.9950079917907715,0.9947084784507751
9,0.9957000017166138,0.9957004189491272,0.01204745750874281,0.9960063695907593,0.9954073429107666
0,0.9114000201225281,0.9086205959320068,0.2922968864440918,0.9323545098304749,0.8946685194969177
1,0.9686999917030334,0.9684783816337585,0.0991402417421341,0.9720410108566284,0.9650558829307556
2,0.9771999716758728,0.9776782989501953,0.06916071474552155,0.9804176688194275,0.9750399589538574
3,0.9833999872207642,0.9833346009254456,0.05333085358142853,0.9847921133041382,0.9819288849830627
4,0.9847999811172485,0.9848306179046631,0.04226197674870491,0.9861797094345093,0.983526349067688
5,0.9871000051498413,0.9870525598526001,0.03802051767706871,0.9879096746444702,0.9862220287322998
6,0.9898999929428101,0.9900365471839905,0.029256677255034447,0.9911977648735046,0.9889177083969116
7,0.9900000095367432,0.9901966452598572,0.02787911333143711,0.9910014867782593,0.9894169569015503
8,0.9897000193595886,0.9895436763763428,0.030195437371730804,0.9901899099349976,0.9889177083969116
9,0.9922000169754028,0.9919002652168274,0.023858679458498955,0.9924024939537048,0.9914137125015259
0,0.9764000177383423,0.9750303030014038,0.07227834314107895,0.9789183139801025,0.9724441170692444
1,0.9904999732971191,0.9906944036483765,0.028395550325512886,0.9916005730628967,0.9898163080215454
2,0.9939000010490417,0.9938527345657349,0.019777268171310425,0.9942060708999634,0.993510365486145
3,0.9937999844551086,0.9937528371810913,0.018726203590631485,0.994003176689148,0.993510365486145
4,0.9939000010490417,0.9939526319503784,0.016925469040870667,0.9942028522491455,0.9937100410461426
5,0.9944000244140625,0.9946006536483765,0.016506126150488853,0.994901716709137,0.99430912733078
6,0.995199978351593,0.9952014088630676,0.013993591070175171,0.9955039620399475,0.9949081540107727
7,0.9961000084877014,0.9961046576499939,0.011819291859865189,0.9962060451507568,0.9960063695907593
8,0.9945999979972839,0.9945072531700134,0.014456498436629772,0.9946086406707764,0.9944089651107788
9,0.9955999851226807,0.9955025315284729,0.01267040055245161,0.9957036375999451,0.9953075051307678
0,0.9782000184059143,0.9768000841140747,0.07085414975881577,0.981714129447937,0.9732428193092346
1,0.9908000230789185,0.9905990958213806,0.02601616457104683,0.9912043809890747,0.990015983581543
2,0.9916999936103821,0.9917973279953003,0.024546736851334572,0.9922962188720703,0.9913138747215271
3,0.994700014591217,0.9946529865264893,0.014878608286380768,0.9950079917907715,0.99430912733078
4,0.9947999715805054,0.9948558807373047,0.015094527043402195,0.9950079917907715,0.9947084784507751
5,0.9944999814033508,0.9943535923957825,0.015273189172148705,0.9946054220199585,0.9941094517707825
6,0.9961000084877014,0.996202826499939,0.014067599549889565,0.9964057803153992,0.9960063695907593
7,0.995199978351593,0.9952536821365356,0.012565757147967815,0.9955071806907654,0.9950079917907715
8,0.995199978351593,0.9953550696372986,0.014917127788066864,0.9955071806907654,0.995207667350769
9,0.9962000250816345,0.9962044954299927,0.011289486661553383,0.9963058829307556,0.9961062073707581
0,0.9764000177383423,0.9753797054290771,0.07240254431962967,0.9811810851097107,0.9719448685646057
1,0.9886000156402588,0.9890874028205872,0.030255677178502083,0.9899837970733643,0.9882188439369202
2,0.9944999814033508,0.9944533109664917,0.016538996249437332,0.9947052597999573,0.9942092895507812
3,0.9939000010490417,0.9938004612922668,0.017305515706539154,0.9941030144691467,0.993510365486145
4,0.9943000078201294,0.9944534301757812,0.016263527795672417,0.9947052597999573,0.9942092895507812
5,0.9937999844551086,0.9940492510795593,0.015730619430541992,0.9943993091583252,0.9937100410461426
6,0.9944999814033508,0.9943566918373108,0.015948953106999397,0.9945088028907776,0.9942092895507812
7,0.996399998664856,0.9964533448219299,0.011511328630149364,0.9966054558753967,0.9963058829307556
8,0.9958999752998352,0.9959049820899963,0.011786555871367455,0.9960063695907593,0.9958066940307617
9,0.9966999888420105,0.9967544078826904,0.010218980722129345,0.9968051314353943,0.9967052936553955
0,0.9763000011444092,0.9754586219787598,0.07633977383375168,0.9804484844207764,0.972244381904602
1,0.991100013256073,0.9909572601318359,0.025520574301481247,0.9912075996398926,0.9907148480415344
2,0.9922999739646912,0.9924042224884033,0.02225949801504612,0.992705225944519,0.9921126365661621
3,0.9939000010490417,0.993903398513794,0.01766267791390419,0.9942060708999634,0.9936102032661438
4,0.9947999715805054,0.9948003888130188,0.015843931585550308,0.9951013922691345,0.9945088028907776
5,0.9945999979972839,0.9945072531700134,0.015974340960383415,0.9946086406707764,0.9944089651107788
6,0.9941999912261963,0.994204580783844,0.016268666833639145,0.9944057464599609,0.9940096139907837
7,0.9962000250816345,0.9961538314819336,0.012106913141906261,0.9963058829307556,0.9960063695907593
8,0.9955000281333923,0.9955056309700012,0.012486649677157402,0.9956070184707642,0.9954073429107666
9,0.9965999722480774,0.9966054558753967,0.009191150777041912,0.9966054558753967,0.9966054558753967
0,0.9958999752998352,0.9960523843765259,0.011968083679676056,0.996202826499939,0.9959065318107605
1,0.9955999851226807,0.9957037568092346,0.01463969424366951,0.9958034753799438,0.9956070184707642
2,0.9973000288009644,0.997302770614624,0.008519765920937061,0.997404158115387,0.9972044825553894
3,0.9961000084877014,0.9961031079292297,0.010845785960555077,0.9963058829307556,0.9959065318107605
4,0.9965999722480774,0.9966530203819275,0.008875559084117413,0.9968051314353943,0.996505618095398
5,0.9976999759674072,0.9975531101226807,0.008762041106820107,0.9976038336753845,0.9975039958953857
6,0.9973000288009644,0.997250497341156,0.009021696634590626,0.9974009394645691,0.9971046447753906
7,0.9955000281333923,0.9955547451972961,0.013022572733461857,0.9957068562507629,0.9954073429107666
8,0.9965000152587891,0.9964548945426941,0.010245278477668762,0.996505618095398,0.9964057803153992
9,0.9980999827384949,0.9981030225753784,0.00662538968026638,0.9981030225753784,0.9981030225753784
0,0.9952999949455261,0.9952061176300049,0.013405566103756428,0.9953075051307678,0.9951078295707703
1,0.9965999722480774,0.9966007471084595,0.008901058696210384,0.9968019127845764,0.9964057803153992
2,0.9976000189781189,0.9976022839546204,0.00805269181728363,0.9977036714553833,0.9975039958953857
3,0.9973999857902527,0.9974026083946228,0.007736266124993563,0.9975039958953857,0.9973043203353882
4,0.9962000250816345,0.9961553812026978,0.010886650532484055,0.9962060451507568,0.9961062073707581
5,0.9966999888420105,0.9966545701026917,0.009419881738722324,0.9967052936553955,0.9966054558753967
6,0.9976999759674072,0.9976022839546204,0.007570496294647455,0.9977036714553833,0.9975039958953857
7,0.9991000294685364,0.999101459980011,0.002351350151002407,0.999101459980011,0.999101459980011
8,0.9980000257492065,0.9980523586273193,0.006549174431711435,0.9981030225753784,0.9980031847953796
9,0.9976000189781189,0.9977512359619141,0.007054135203361511,0.9979033470153809,0.9976038336753845
0,0.9947999715805054,0.9947560429573059,0.015782102942466736,0.9949081540107727,0.9946086406707764
1,0.9962000250816345,0.9962552189826965,0.009511888027191162,0.9963058829307556,0.9962060451507568
2,0.9966999888420105,0.9966545701026917,0.011479740962386131,0.9967052936553955,0.9966054558753967
3,0.9965000152587891,0.9966022372245789,0.009905083104968071,0.9967020750045776,0.996505618095398
4,0.9972000122070312,0.997302770614624,0.0076788924634456635,0.997404158115387,0.9972044825553894
5,0.9962000250816345,0.9962044954299927,0.00963880680501461,0.9963058829307556,0.9961062073707581
6,0.9961000084877014,0.9961046576499939,0.010075246915221214,0.9962060451507568,0.9960063695907593
7,0.9973000288009644,0.9973043203353882,0.009052546694874763,0.9973043203353882,0.9973043203353882
8,0.9977999925613403,0.9978035092353821,0.006988611537963152,0.9978035092353821,0.9978035092353821
9,0.9980000257492065,0.9979017972946167,0.006338359788060188,0.9980031847953796,0.9978035092353821
0,0.9958999752998352,0.9959049820899963,0.011459825560450554,0.9960063695907593,0.9958066940307617
1,0.9952999949455261,0.9954057931900024,0.014099369756877422,0.9955071806907654,0.9953075051307678
2,0.9965999722480774,0.9965531826019287,0.011065489612519741,0.9967052936553955,0.9964057803153992
3,0.9962999820709229,0.9963535070419312,0.011013953015208244,0.996505618095398,0.9962060451507568
4,0.9976999759674072,0.9977036714553833,0.008787398226559162,0.9977036714553833,0.9977036714553833
5,0.9976000189781189,0.9976529479026794,0.006807552184909582,0.9977036714553833,0.9976038336753845
6,0.9973000288009644,0.9972535967826843,0.007906650193035603,0.9973043203353882,0.9972044825553894
7,0.9955000281333923,0.9955563545227051,0.01366942934691906,0.9956070184707642,0.9955071806907654
8,0.9980999827384949,0.9981521964073181,0.006369121838361025,0.9982028603553772,0.9981030225753784
9,0.9977999925613403,0.9978526830673218,0.007449530065059662,0.9979033470153809,0.9978035092353821
0,0.9958000183105469,0.9958020448684692,0.013164151459932327,0.9961062073707581,0.9955071806907654
1,0.9958999752998352,0.9961015582084656,0.011835080571472645,0.9963026642799377,0.9959065318107605
2,0.9962999820709229,0.9964026212692261,0.011043032631278038,0.9965023994445801,0.9963058829307556
3,0.9962000250816345,0.9963977336883545,0.010202404111623764,0.9965987801551819,0.9962060451507568
0,0.875,0.8582366108894348,0.40443286299705505,0.9061443209648132,0.8331669569015503
1,0.9602000117301941,0.9608112573623657,0.1277710646390915,0.9675220847129822,0.9543730020523071
2,0.9732000231742859,0.974055290222168,0.08753219991922379,0.977387547492981,0.9708466529846191
3,0.9818999767303467,0.9820521473884583,0.059176526963710785,0.9842538237571716,0.9799321293830872
4,0.9847000241279602,0.9848352074623108,0.047264307737350464,0.9862959384918213,0.9834265112876892
5,0.9858999848365784,0.9860889315605164,0.040705662220716476,0.9869821667671204,0.985223650932312
6,0.9886999726295471,0.9887909889221191,0.03310978785157204,0.9895908832550049,0.9880191683769226
7,0.9905999898910522,0.9908449053764343,0.02618258073925972,0.9914942979812622,0.9902156591415405
8,0.9909999966621399,0.9912964701652527,0.02668818272650242,0.9920031428337097,0.9906150102615356
9,0.9905999898910522,0.9905088543891907,0.02430490031838417,0.9908114671707153,0.9902156591415405
0,0.8773999810218811,0.8554943799972534,0.4151194393634796,0.906061053276062,0.829872190952301
1,0.9573000073432922,0.9580802321434021,0.14493148028850555,0.9663792848587036,0.9501796960830688
2,0.9703999757766724,0.9710804224014282,0.09301258623600006,0.9746526479721069,0.9676517844200134
3,0.9800000190734863,0.9799838066101074,0.06873571127653122,0.9825338125228882,0.9775359630584717
4,0.9835000038146973,0.9837465286254883,0.053777068853378296,0.9849110841751099,0.982627809047699
5,0.9869999885559082,0.9870287775993347,0.04406532272696495,0.9882768392562866,0.9858226776123047
6,0.9894000291824341,0.989443838596344,0.03358452394604683,0.9902961850166321,0.9886181950569153
7,0.9883999824523926,0.9885991811752319,0.03393213078379631,0.9893010258674622,0.9879193305969238
8,0.9900000095367432,0.989805281162262,0.030203625559806824,0.9904121160507202,0.9892172813415527
9,0.9916999936103821,0.991844892501831,0.023012619465589523,0.9923928380012512,0.9913138747215271
0,0.8855000138282776,0.8646683096885681,0.38482972979545593,0.9040426015853882,0.8403554558753967
1,0.9607999920845032,0.9621982574462891,0.1263619065284729,0.9690182209014893,0.955670952796936
2,0.9731000065803528,0.9734067320823669,0.08458172529935837,0.9767968058586121,0.9701477885246277
3,0.9789000153541565,0.9791112542152405,0.06588979810476303,0.9810497760772705,0.9772364497184753
4,0.9850000143051147,0.9852235317230225,0.046161580830812454,0.9868823289871216,0.9836261868476868
5,0.9865999817848206,0.9862948656082153,0.039643000811338425,0.987204372882843,0.9854233264923096
6,0.9857000112533569,0.9861016273498535,0.03739602491259575,0.98680180311203,0.9854233264923096
7,0.9922000169754028,0.9921014904975891,0.022819962352514267,0.992399275302887,0.9918131232261658
8,0.9930999875068665,0.9929018616676331,0.020685745403170586,0.9932011961936951,0.992611825466156
9,0.9930999875068665,0.9929510354995728,0.020478354766964912,0.9935071468353271,0.9924121499061584
0,0.8727999925613403,0.85576331615448,0.4070279002189636,0.893176794052124,0.8316693305969238
1,0.9603999853134155,0.9623485207557678,0.12764635682106018,0.968795120716095,0.9561701416969299
2,0.9721999764442444,0.9722349643707275,0.08970700949430466,0.9761831164360046,0.9684504866600037
3,0.9807999730110168,0.980873167514801,0.06387358158826828,0.9838185906410217,0.9780351519584656
4,0.9847999811172485,0.98455810546875,0.04442096874117851,0.9864506125450134,0.9827276468276978
5,0.9865000247955322,0.9863424301147461,0.039492323994636536,0.9872943758964539,0.9854233264923096
6,0.9866999983787537,0.9869385957717896,0.038352206349372864,0.9880900382995605,0.9858226776123047
7,0.9900000095367432,0.9899017810821533,0.029212964698672295,0.9904056787490845,0.9894169569015503
8,0.9937999844551086,0.993790864944458,0.018596475943922997,0.9943896532058716,0.9932108521461487
9,0.9929999709129333,0.9932045340538025,0.022817736491560936,0.9935071468353271,0.9929113388061523
0,0.8752999901771545,0.8553454875946045,0.42131251096725464,0.8933912515640259,0.8305711150169373
1,0.9588000178337097,0.9588378071784973,0.13269492983818054,0.9659190773963928,0.9520766735076904
2,0.9724000096321106,0.9727859497070312,0.08778103440999985,0.9764536619186401,0.9692491888999939
3,0.9796000123023987,0.9797242283821106,0.06350371986627579,0.9823119640350342,0.9772364497184753
4,0.9840999841690063,0.9839287400245667,0.048214513808488846,0.9855874180793762,0.9823282957077026
5,0.9872999787330627,0.9871190190315247,0.03833993896842003,0.9884602427482605,0.9858226776123047
6,0.9884999990463257,0.9885881543159485,0.0348014272749424,0.989800214767456,0.9874201416969299
7,0.9886999726295471,0.9888988137245178,0.03193144500255585,0.989706814289093,0.9881190061569214
8,0.9926000237464905,0.992447018623352,0.02237139269709587,0.9929983019828796,0.9919129610061646
9,0.9926999807357788,0.9925040006637573,0.02242608740925789,0.9928050637245178,0.9922124743461609
0,0.9472000002861023,0.9446893930435181,0.2099187672138214,0.96002197265625,0.9335063695907593
1,0.9854000210762024,0.9856895208358765,0.044803354889154434,0.9868919849395752,0.9845247864723206
2,0.989799976348877,0.9893819093704224,0.03235778957605362,0.9902763962745667,0.9885183572769165
3,0.9912999868392944,0.9912029504776001,0.026442961767315865,0.9918099045753479,0.9906150102615356
4,0.9950000047683716,0.9949509501457214,0.014420310966670513,0.9953075051307678,0.9946086406707764
5,0.9927999973297119,0.9926038384437561,0.020014917477965355,0.9929049015045166,0.9923123121261597
6,0.9947999715805054,0.9946039319038391,0.015609124675393105,0.9949081540107727,0.99430912733078
7,0.9952999949455261,0.995399534702301,0.013999704271554947,0.9957004189491272,0.9951078295707703
8,0.9941999912261963,0.9942029118537903,0.01712452806532383,0.9944025278091431,0.9940096139907837
9,0.9973000288009644,0.9973043203353882,0.007681402377784252,0.9973043203353882,0.9973043203353882
0,0.9476000070571899,0.9457564949989319,0.1959986388683319,0.9590498805046082,0.9355031847953796
1,0.984000027179718,0.9833629727363586,0.04864629730582237,0.9852651953697205,0.9815295338630676
2,0.9904000163078308,0.9907417893409729,0.03005068749189377,0.9915973544120789,0.9899161458015442
3,0.9904000163078308,0.9907450675964355,0.0295924860984087,0.9914975166320801,0.990015983581543
4,0.992900013923645,0.9927941560745239,0.02138977311551571,0.9934974908828735,0.9921126365661621
5,0.9943000078201294,0.9941554665565491,0.017046378925442696,0.9944089651107788,0.9939097166061401
6,0.9941999912261963,0.9943027496337891,0.015329523012042046,0.9946054220199585,0.9940096139907837
7,0.9954000115394592,0.9953550696372986,0.015415000729262829,0.9955071806907654,0.995207667350769
8,0.9955999851226807,0.99560546875,0.012061655521392822,0.9957068562507629,0.9955071806907654
9,0.9945999979972839,0.994654655456543,0.013191334903240204,0.994805097579956,0.9945088028907776
0,0.9469000101089478,0.9429183006286621,0.20756369829177856,0.9595714211463928,0.9321086406707764
1,0.9828000068664551,0.9828179478645325,0.05347618833184242,0.9847663640975952,0.980930507183075
2,0.989300012588501,0.9891872406005859,0.03266272693872452,0.990392804145813,0.9880191683769226
3,0.9925000071525574,0.9924977421760559,0.024371478706598282,0.9931013584136963,0.9919129610061646
4,0.9911999702453613,0.9911063313484192,0.0236277524381876,0.9914072751998901,0.9908146858215332
5,0.9941999912261963,0.9943519234657288,0.01730385050177574,0.9947052597999573,0.9940096139907837
6,0.9944000244140625,0.9944549798965454,0.015543966554105282,0.9947084784507751,0.9942092895507812
7,0.9939000010490417,0.9939588904380798,0.016350235790014267,0.9940096139907837,0.9939097166061401
8,0.9954000115394592,0.9956023693084717,0.013778557069599628,0.9959065318107605,0.9953075051307678
9,0.9958999752998352,0.9958527088165283,0.012154079042375088,0.9961062073707581,0.9956070184707642
0,0.9455999732017517,0.943209707736969,0.2060474157333374,0.9594749212265015,0.9314097166061401
1,0.9839000105857849,0.984272837638855,0.04909653589129448,0.9860771298408508,0.9825279712677002
2,0.9878000020980835,0.9878877401351929,0.032674726098775864,0.9891947507858276,0.9866213798522949
3,0.991599977016449,0.991608738899231,0.02686605229973793,0.9919129610061646,0.9913138747215271
4,0.991100013256073,0.9911046624183655,0.02437056228518486,0.9916102290153503,0.9906150102615356
5,0.9933000206947327,0.9932474493980408,0.019228888675570488,0.9938002228736877,0.9927116632461548
6,0.9936000108718872,0.9936037659645081,0.01929030381143093,0.9939064979553223,0.9933106899261475
7,0.9941999912261963,0.9942537546157837,0.01943804696202278,0.9945055842399597,0.9940096139907837
8,0.9937999844551086,0.9938083291053772,0.01717420108616352,0.9939097166061401,0.9937100410461426
9,0.9950000047683716,0.9947956204414368,0.01428111083805561,0.9951978325843811,0.9944089651107788
0,0.9455999732017517,0.9415346384048462,0.2119137942790985,0.9574790596961975,0.9308106899261475
1,0.9860000014305115,0.9858731627464294,0.04601640999317169,0.9875842332839966,0.9842252135276794
2,0.991100013256073,0.9909824728965759,0.029796849936246872,0.991986870765686,0.990015983581543
3,0.9915000200271606,0.9914549589157104,0.0261821448802948,0.99180668592453,0.9911141991615295
4,0.9925000071525574,0.9922552704811096,0.020954372361302376,0.9926086068153381,0.9919129610061646
5,0.9965999722480774,0.9964960217475891,0.011102686636149883,0.9968985319137573,0.9961062073707581
6,0.9958999752998352,0.9959034323692322,0.011531860567629337,0.9961062073707581,0.9957068562507629
7,0.993399977684021,0.9935024976730347,0.01840992644429207,0.9938034415245056,0.9932108521461487
8,0.9944999814033508,0.9943075180053711,0.015919558703899384,0.9944089651107788,0.9942092895507812
9,0.9945999979972839,0.9946562051773071,0.013594209216535091,0.9948083162307739,0.9945088028907776
0,0.9965000152587891,0.996504008769989,0.010843159630894661,0.9966054558753967,0.9964057803153992
1,0.9951000213623047,0.9951078295707703,0.01498213317245245,0.9951078295707703,0.9951078295707703
2,0.9972000122070312,0.9972044825553894,0.008826624602079391,0.9972044825553894,0.9972044825553894
3,0.9957000017166138,0.9956514835357666,0.011368921026587486,0.995800256729126,0.9955071806907654
4,0.9977999925613403,0.9978035092353821,0.006983254104852676,0.9978035092353821,0.9978035092353821
5,0.996999979019165,0.9970539212226868,0.007374794688075781,0.9971046447753906,0.9970048069953918
6,0.9962999820709229,0.9963043332099915,0.011370087042450905,0.9964057803153992,0.9962060451507568
7,0.9979000091552734,0.9979033470153809,0.005517906509339809,0.9979033470153809,0.9979033470153809
8,0.9987000226974487,0.998651385307312,0.0038808563258498907,0.9987020492553711,0.9986022114753723
9,0.9961000084877014,0.9961062073707581,0.011779031716287136,0.9961062073707581,0.9961062073707581
0,0.9947999715805054,0.9949526190757751,0.014691603370010853,0.9952044486999512,0.9947084784507751
1,0.9954000115394592,0.9954533576965332,0.013333714567124844,0.9956037998199463,0.9953075051307678
2,0.9958999752998352,0.9959509372711182,0.011170163750648499,0.9960997700691223,0.9958066940307617
3,0.9962999820709229,0.9963027834892273,0.010866059921681881,0.996505618095398,0.9961062073707581
4,0.9952999949455261,0.9954026937484741,0.012759754434227943,0.9955007433891296,0.9953075051307678
5,0.9976999759674072,0.997700572013855,0.007666848599910736,0.9978002905845642,0.9976038336753845
6,0.9973000288009644,0.9973534345626831,0.008016730658710003,0.997404158115387,0.9973043203353882
7,0.9966999888420105,0.9967052936553955,0.009669491089880466,0.9967052936553955,0.9967052936553955
8,0.9951000213623047,0.9950999021530151,0.013983853161334991,0.9954009056091309,0.9948083162307739
9,0.9980000257492065,0.9980031847953796,0.005889792460948229,0.9980031847953796,0.9980031847953796
0,0.9962000250816345,0.9962536692619324,0.010241103358566761,0.9964057803153992,0.9961062073707581
1,0.994700014591217,0.9946070909500122,0.014961156994104385,0.9947084784507751,0.9945088028907776
2,0.996999979019165,0.9970539212226868,0.009012244641780853,0.9971046447753906,0.9970048069953918
3,0.9961000084877014,0.9961538314819336,0.01230198610574007,0.9963058829307556,0.9960063695907593
4,0.9958000183105469,0.9956022500991821,0.01179022528231144,0.9958034753799438,0.9954073429107666
5,0.9968000054359436,0.9968542456626892,0.009555553086102009,0.9969049692153931,0.9968051314353943
6,0.9987000226974487,0.9987020492553711,0.004187203943729401,0.9987020492553711,0.9987020492553711
7,0.9976000189781189,0.9976022839546204,0.0076528326608240604,0.9977036714553833,0.9975039958953857
8,0.9965000152587891,0.996505618095398,0.010098284110426903,0.996505618095398,0.996505618095398
9,0.996399998664856,0.9963535070419312,0.008560528047382832,0.996505618095398,0.9962060451507568
0,0.9950000047683716,0.995155394077301,0.013379991054534912,0.9953075051307678,0.9950079917907715
1,0.9959999918937683,0.995901882648468,0.011101406998932362,0.9959999322891235,0.9958066940307617
2,0.9973000288009644,0.9971522092819214,0.010228621773421764,0.9973043203353882,0.9970048069953918
3,0.9962000250816345,0.9962044954299927,0.013071699067950249,0.9963058829307556,0.9961062073707581
4,0.9973999857902527,0.9973502159118652,0.007044494617730379,0.9976038336753845,0.9971046447753906
5,0.9983000159263611,0.998302698135376,0.006595797836780548,0.998302698135376,0.998302698135376
6,0.996999979019165,0.9970539212226868,0.009437735192477703,0.9971046447753906,0.9970048069953918
7,0.9951000213623047,0.9951078295707703,0.014634335413575172,0.9951078295707703,0.9951078295707703
8,0.9976999759674072,0.9977036714553833,0.008085844106972218,0.9977036714553833,0.9977036714553833
9,0.9984999895095825,0.9984517097473145,0.004919891711324453,0.9985023736953735,0.9984025359153748
0,0.996399998664856,0.9964533448219299,0.010247024707496166,0.9966054558753967,0.9963058829307556
1,0.9962000250816345,0.9960539937019348,0.010891863144934177,0.9962060451507568,0.9959065318107605
2,0.996399998664856,0.9964548945426941,0.00896046869456768,0.996505618095398,0.9964057803153992
3,0.9959999918937683,0.9960063695907593,0.011834862641990185,0.9960063695907593,0.9960063695907593
4,0.9969000220298767,0.9970523715019226,0.008089719340205193,0.9972044825553894,0.9969049692153931
5,0.9961000084877014,0.9961029887199402,0.013299855403602123,0.996202826499939,0.9960063695907593
6,0.9972000122070312,0.9972520470619202,0.007475579623132944,0.9973011016845703,0.9972044825553894
7,0.9977999925613403,0.9979017972946167,0.006791424006223679,0.9980031847953796,0.9978035092353821
8,0.9955000281333923,0.9954549074172974,0.013201182708144188,0.9955039620399475,0.9954073429107666
9,0.9979000091552734,0.9979033470153809,0.006324771326035261,0.9979033470153809,0.9979033470153809
0,0.9968000054359436,0.9967528581619263,0.01080783735960722,0.9969049692153931,0.9966054558753967
1,0.9954000115394592,0.9954073429107666,0.01104883011430502,0.9954073429107666,0.9954073429107666
2,0.9965999722480774,0.9966054558753967,0.009309086948633194,0.9966054558753967,0.9966054558753967
3,0.9987000226974487,0.998651385307312,0.0043945894576609135,0.9987020492553711,0.9986022114753723
4,0.9976000189781189,0.9976529479026794,0.006446302868425846,0.9977036714553833,0.9976038336753845
5,0.996999979019165,0.9970508217811584,0.010777563787996769,0.9972012639045715,0.9969049692153931
6,0.9980999827384949,0.9981030225753784,0.006623526569455862,0.9981030225753784,0.9981030225753784
7,0.9987000226974487,0.9987020492553711,0.004426043014973402,0.9987020492553711,0.9987020492553711
8,0.9991999864578247,0.9992012977600098,0.002184587996453047,0.9992012977600098,0.9992012977600098
9,0.9972000122070312,0.9972535967826843,0.008731323294341564,0.9973043203353882,0.9972044825553894
0,0.9965999722480774,0.9965024590492249,0.00991801917552948,0.9966022372245789,0.9964057803153992
1,0.9965000152587891,0.9963535070419312,0.010568483732640743,0.9964025616645813,0.9963058829307556
2,0.9980000257492065,0.9980523586273193,0.005620917305350304,0.9981030225753784,0.9980031847953796
0,0.8754000067710876,0.8567862510681152,0.4085175693035126,0.9014150500297546,0.830670952796936
1,0.9592000246047974,0.9586758017539978,0.1360229104757309,0.9662240743637085,0.9514776468276978
2,0.9740999937057495,0.9740882515907288,0.0862279161810875,0.9774570465087891,0.9708466529846191
3,0.9797000288963318,0.9799525141716003,0.06472227722406387,0.9823601841926575,0.9776358008384705
4,0.9843000173568726,0.9845849275588989,0.04860791191458702,0.9860964417457581,0.9831269979476929
5,0.9850000143051147,0.9852124452590942,0.043696049600839615,0.986649751663208,0.9838258624076843
6,0.9890999794006348,0.9893440008163452,0.03420675918459892,0.9904056787490845,0.988318681716919
7,0.9890000224113464,0.9889495372772217,0.03205927461385727,0.9897035956382751,0.9882188439369202
8,0.9922999739646912,0.9922520518302917,0.02426791749894619,0.9928082823753357,0.991713285446167
9,0.9922000169754028,0.9922520518302917,0.021932560950517654,0.992705225944519,0.9918131232261658
0,0.9925000071525574,0.9925516843795776,0.021615518257021904,0.9930047392845154,0.9921126365661621
1,0.992900013923645,0.9928019642829895,0.020240338519215584,0.9932044148445129,0.9924121499061584
2,0.994700014591217,0.9947543740272522,0.01606057770550251,0.9950079917907715,0.9945088028907776
3,0.9951000213623047,0.9949968457221985,0.014501643367111683,0.9954009056091309,0.9946086406707764
4,0.9939000010490417,0.9938969016075134,0.016056356951594353,0.9943024516105652,0.993510365486145
5,0.9940000176429749,0.994204580783844,0.01642950065433979,0.9944057464599609,0.9940096139907837
6,0.9952999949455261,0.9953059554100037,0.013373119756579399,0.9954073429107666,0.995207667350769
7,0.9954000115394592,0.9954042434692383,0.013720703311264515,0.9956070184707642,0.995207667350769
8,0.9947999715805054,0.9948051571846008,0.014533331617712975,0.9950079917907715,0.9946086406707764
9,0.9947999715805054,0.9948543310165405,0.014365232549607754,0.9950047731399536,0.9947084784507751
0,0.9976000189781189,0.9976529479026794,0.00811097677797079,0.9977036714553833,0.9976038336753845
1,0.9959999918937683,0.996003270149231,0.011206729337573051,0.9962060451507568,0.9958066940307617
2,0.9957000017166138,0.9956514835357666,0.013489876873791218,0.9959033131599426,0.9954073429107666
3,0.9965999722480774,0.9967036843299866,0.010333510115742683,0.9968051314353943,0.9966054558753967
4,0.9968000054359436,0.9968035221099854,0.008737451396882534,0.9969049692153931,0.9967052936553955
5,0.9980999827384949,0.998201310634613,0.006505982950329781,0.998302698135376,0.9981030225753784
6,0.9973000288009644,0.997250497341156,0.009173477068543434,0.9974009394645691,0.9971046447753906
7,0.9968000054359436,0.9969034194946289,0.008998877368867397,0.9970048069953918,0.9968051314353943
8,0.9966999888420105,0.9966006278991699,0.010131117887794971,0.9968019127845764,0.9964057803153992
9,0.9973999857902527,0.9974517226219177,0.007778366096317768,0.9976038336753845,0.9973043203353882
0,0.9984999895095825,0.9983518719673157,0.00489329919219017,0.9984025359153748,0.998302698135376
1,0.996399998664856,0.9964533448219299,0.010463299229741096,0.9966054558753967,0.9963058829307556
2,0.9966999888420105,0.9967052936553955,0.008336539380252361,0.9967052936553955,0.9967052936553955
3,0.9979000091552734,0.9980016350746155,0.005449981894344091,0.9981030225753784,0.9979033470153809
4,0.996999979019165,0.996954083442688,0.009741265326738358,0.9970048069953918,0.9969049692153931
5,0.9973999857902527,0.9974010586738586,0.007921474054455757,0.9975007772445679,0.9973043203353882
6,0.9976000189781189,0.9976038336753845,0.007161381654441357,0.9976038336753845,0.9976038336753845
7,0.9980000257492065,0.9980016350746155,0.005349388346076012,0.9981030225753784,0.9979033470153809
8,0.9976000189781189,0.9976038336753845,0.006872266996651888,0.9976038336753845,0.9976038336753845
9,0.998199999332428,0.9982028603553772,0.005375434644520283,0.9982028603553772,0.9982028603553772
0,0.9973999857902527,0.9974532723426819,0.007213787641376257,0.9975039958953857,0.997404158115387
1,0.9987999796867371,0.9987512230873108,0.004046332556754351,0.9988019466400146,0.9987020492553711
2,0.9979000091552734,0.9979033470153809,0.0046162232756614685,0.9979033470153809,0.9979033470153809
3,0.9980999827384949,0.9981521964073181,0.005607591476291418,0.9982028603553772,0.9981030225753784
4,0.9984999895095825,0.9986006617546082,0.003525146981701255,0.9987020492553711,0.9985023736953735
5,0.9983999729156494,0.9984025359153748,0.005291859153658152,0.9984025359153748,0.9984025359153748
6,0.9977999925613403,0.9978035092353821,0.0058610765263438225,0.9978035092353821,0.9978035092353821
7,0.9990000128746033,0.9990016222000122,0.0031117722392082214,0.9990016222000122,0.9990016222000122
8,0.9983000159263611,0.998302698135376,0.004304445348680019,0.998302698135376,0.998302698135376
9,0.9990000128746033,0.9990016222000122,0.0030738753266632557,0.9990016222000122,0.9990016222000122
0,0.998199999332428,0.9983011484146118,0.004056080244481564,0.9984025359153748,0.9982028603553772
1,0.9969000220298767,0.9969049692153931,0.00828476995229721,0.9969049692153931,0.9969049692153931
2,0.9976000189781189,0.9976022839546204,0.007152443751692772,0.9977036714553833,0.9975039958953857
3,0.9984999895095825,0.9985023736953735,0.005613711662590504,0.9985023736953735,0.9985023736953735
4,0.9994000196456909,0.9994009733200073,0.002542177913710475,0.9994009733200073,0.9994009733200073
5,0.9990000128746033,0.9990016222000122,0.0035369370598345995,0.9990016222000122,0.9990016222000122
6,0.998199999332428,0.9982028603553772,0.005356983747333288,0.9982028603553772,0.9982028603553772
7,0.9984999895095825,0.9985023736953735,0.005208419170230627,0.9985023736953735,0.9985023736953735
8,0.9977999925613403,0.9978035092353821,0.007874159142374992,0.9978035092353821,0.9978035092353821
9,0.9984999895095825,0.9985515475273132,0.0035634925588965416,0.9986022114753723,0.9985023736953735
0,0.6840000152587891,0.6511285901069641,1.4801779985427856,0.7614873051643372,0.5968450307846069
1,0.8871999979019165,0.8869006037712097,0.3638761341571808,0.9077165722846985,0.8677116632461548
2,0.9210000038146973,0.9237263202667236,0.2464665323495865,0.9370663166046143,0.9111421704292297
3,0.9408000111579895,0.941038191318512,0.19422896206378937,0.9501301050186157,0.9324081540107727
4,0.9488999843597412,0.9493391513824463,0.16171792149543762,0.9574758410453796,0.9415934681892395
5,0.9545000195503235,0.9548315405845642,0.14191362261772156,0.9606359601020813,0.9492811560630798
6,0.9605000019073486,0.9606453776359558,0.11760564148426056,0.9656224846839905,0.9558706283569336
7,0.9670000076293945,0.967862069606781,0.10549039393663406,0.9712975025177002,0.9645566940307617
8,0.9690999984741211,0.9696641564369202,0.09734873473644257,0.9726814031600952,0.9667531847953796
9,0.970300018787384,0.970994770526886,0.09264051169157028,0.9742620587348938,0.967851459980011
0,0.9721999764442444,0.972428023815155,0.08435211330652237,0.9750973582267761,0.9698482155799866
1,0.9735999703407288,0.9739840030670166,0.07746919244527817,0.9765135645866394,0.9715455174446106
2,0.9800000190734863,0.9797263145446777,0.06045901030302048,0.981677770614624,0.977835476398468
3,0.9786999821662903,0.9794393181800842,0.05995067581534386,0.9809949398040771,0.9779353141784668
4,0.9787999987602234,0.9794613718986511,0.05867607891559601,0.981452226638794,0.9775359630584717
5,0.9815999865531921,0.9816831350326538,0.05425074324011803,0.9829819202423096,0.980431318283081
6,0.9840999841690063,0.9844834208488464,0.048485107719898224,0.9856839179992676,0.9833266735076904
7,0.9846000075340271,0.9845295548439026,0.04914693161845207,0.9859805107116699,0.9831269979476929
8,0.9840999841690063,0.9839875102043152,0.04461272433400154,0.9851850271224976,0.9828274846076965
9,0.9878000020980835,0.9881983995437622,0.03523207828402519,0.9891045689582825,0.9873203039169312
0,0.9882000088691711,0.988493025302887,0.03304803743958473,0.9892913699150085,0.9877196550369263
1,0.9894999861717224,0.9895470142364502,0.031249340623617172,0.9905055165290833,0.9886181950569153
2,0.9879999756813049,0.9880033731460571,0.03568514809012413,0.9888114333152771,0.9872204661369324
3,0.9894999861717224,0.9893947243690491,0.030754953622817993,0.9900965094566345,0.9887180328369141
4,0.9894999861717224,0.9897481203079224,0.028231313452124596,0.9903992414474487,0.9891173839569092
5,0.9901000261306763,0.9899573922157288,0.032316435128450394,0.9903090596199036,0.9896166324615479
6,0.9919999837875366,0.9922900795936584,0.021648570895195007,0.9929918646812439,0.9916134476661682
7,0.991599977016449,0.9917513132095337,0.025517502799630165,0.9922028183937073,0.9913138747215271
8,0.9923999905586243,0.9927955269813538,0.02035447768867016,0.9934008717536926,0.9922124743461609
9,0.9926999807357788,0.992855966091156,0.02342197857797146,0.9932108521461487,0.9925119876861572
0,0.9930999875068665,0.9931569695472717,0.019421281293034554,0.9934105277061462,0.9929113388061523
1,0.9922000169754028,0.9922569394111633,0.021324297413229942,0.992611825466156,0.9919129610061646
2,0.9941999912261963,0.9943011999130249,0.018512092530727386,0.9947052597999573,0.9939097166061401
3,0.993399977684021,0.9933567047119141,0.017947329208254814,0.9936102032661438,0.9931110143661499
4,0.9940999746322632,0.9941030144691467,0.01777353137731552,0.9943059086799622,0.9939097166061401
5,0.9929999709129333,0.9930539727210999,0.01932755671441555,0.9933042526245117,0.9928115010261536
6,0.9939000010490417,0.9938575029373169,0.01931055448949337,0.9940096139907837,0.9937100410461426
7,0.9950000047683716,0.9949049353599548,0.012211881577968597,0.9951078295707703,0.9947084784507751
8,0.9959999918937683,0.996003270149231,0.01402578316628933,0.9962060451507568,0.9958066940307617
9,0.9943000078201294,0.994358241558075,0.01673039421439171,0.9944089651107788,0.99430912733078
0,0.8816999793052673,0.8701256513595581,0.38296398520469666,0.9135844707489014,0.8452476263046265
1,0.9587000012397766,0.9587869644165039,0.13422736525535583,0.9652754068374634,0.9525758624076843
2,0.9732000231742859,0.9735923409461975,0.08671122044324875,0.9771841764450073,0.9701477885246277
3,0.9793999791145325,0.9795798659324646,0.06470742076635361,0.9822283387184143,0.977036714553833
4,0.982699990272522,0.9823535084724426,0.05232281982898712,0.9841383695602417,0.9806309938430786
5,0.9855999946594238,0.9856453537940979,0.04522082209587097,0.98680180311203,0.9845247864723206
6,0.9887999892234802,0.9889461994171143,0.033036839216947556,0.9895941019058228,0.988318681716919
7,0.9921000003814697,0.9921474456787109,0.024565914645791054,0.9926987886428833,0.9916134476661682
8,0.9909999966621399,0.9909082055091858,0.023859871551394463,0.9913138747215271,0.9905151724815369
9,0.9914000034332275,0.9913075566291809,0.02437579445540905,0.991713285446167,0.990914523601532
0,0.9922000169754028,0.9920032024383545,0.021469462662935257,0.9924057126045227,0.9916134476661682
1,0.9944999814033508,0.9946529865264893,0.015824364498257637,0.9950079917907715,0.99430912733078
2,0.9940999746322632,0.9940064549446106,0.017372967675328255,0.9941062331199646,0.9939097166061401
3,0.9934999942779541,0.9936989545822144,0.01753333769738674,0.9940997958183289,0.9933106899261475
4,0.9966999888420105,0.9966514706611633,0.011204962618649006,0.9968019127845764,0.996505618095398
5,0.9940000176429749,0.9941538572311401,0.016773248091340065,0.9944057464599609,0.9939097166061401
6,0.995199978351593,0.995155394077301,0.01368083618581295,0.9953075051307678,0.9950079917907715
7,0.9955999851226807,0.9956039190292358,0.011953359469771385,0.9958066940307617,0.9954073429107666
8,0.9958999752998352,0.9958558678627014,0.012551710940897465,0.9959065318107605,0.9958066940307617
9,0.9961000084877014,0.9961553812026978,0.012016396969556808,0.9962060451507568,0.9961062073707581
0,0.9957000017166138,0.9955467581748962,0.013225019909441471,0.9957968592643738,0.9953075051307678
1,0.9959999918937683,0.9961538314819336,0.009792915545403957,0.9963058829307556,0.9960063695907593
2,0.9968000054359436,0.9969525337219238,0.00894325040280819,0.9971046447753906,0.9968051314353943
3,0.9973999857902527,0.9974026083946228,0.007926780730485916,0.9975039958953857,0.9973043203353882
4,0.9952999949455261,0.9954026937484741,0.013594916090369225,0.9955007433891296,0.9953075051307678
5,0.9976000189781189,0.9974532723426819,0.006532812491059303,0.9975039958953857,0.997404158115387
6,0.998199999332428,0.998201310634613,0.005550296977162361,0.998302698135376,0.9981030225753784
7,0.996399998664856,0.9964009523391724,0.00974068883806467,0.9964991807937622,0.9963058829307556
8,0.9957000017166138,0.9956545829772949,0.011923404410481453,0.9958066940307617,0.9955071806907654
9,0.998199999332428,0.9980522394180298,0.0065756384283304214,0.9981030225753784,0.9980031847953796
0,0.9965000152587891,0.9964548945426941,0.00982146430760622,0.996505618095398,0.9964057803153992
1,0.9969000220298767,0.9968542456626892,0.007972468622028828,0.9969049692153931,0.9968051314353943
2,0.9975000023841858,0.9975039958953857,0.007591877598315477,0.9975039958953857,0.9975039958953857
3,0.9988999962806702,0.9989508986473083,0.004141686949878931,0.9990016222000122,0.9989017844200134
4,0.9962000250816345,0.9962060451507568,0.013291793875396252,0.9962060451507568,0.9962060451507568
5,0.9979000091552734,0.9979033470153809,0.007112054619938135,0.9979033470153809,0.9979033470153809
6,0.9984999895095825,0.9984517097473145,0.0036639159079641104,0.9985023736953735,0.9984025359153748
7,0.9977999925613403,0.9978035092353821,0.0051253302954137325,0.9978035092353821,0.9978035092353821
8,0.9980999827384949,0.9980031847953796,0.006137351971119642,0.9980031847953796,0.9980031847953796
9,0.9980000257492065,0.9980016350746155,0.005399805959314108,0.9981030225753784,0.9979033470153809
0,0.9990000128746033,0.9990016222000122,0.0028772205114364624,0.9990016222000122,0.9990016222000122
1,0.9979000091552734,0.9979033470153809,0.005853299051523209,0.9979033470153809,0.9979033470153809
2,0.9977999925613403,0.9978035092353821,0.00822329893708229,0.9978035092353821,0.9978035092353821
3,0.9976000189781189,0.9976038336753845,0.006760834716260433,0.9976038336753845,0.9976038336753845
4,0.9984999895095825,0.9985008239746094,0.005267410539090633,0.9986022114753723,0.9984025359153748
5,0.9983000159263611,0.9983503222465515,0.004582340829074383,0.9983993172645569,0.998302698135376
6,0.9975000023841858,0.9975531101226807,0.006476136855781078,0.9976038336753845,0.9975039958953857
7,0.9984999895095825,0.9985023736953735,0.003528403118252754,0.9985023736953735,0.9985023736953735
8,0.9991999864578247,0.9992504119873047,0.0021078481804579496,0.9993011355400085,0.9992012977600098
9,0.9976999759674072,0.9977527856826782,0.0074795265682041645,0.9978035092353821,0.9977036714553833
0,0.9983000159263611,0.9982520341873169,0.006378150545060635,0.998302698135376,0.9982028603553772
1,0.9984999895095825,0.9983994364738464,0.00498401140794158,0.9984991550445557,0.998302698135376
2,0.9983000159263611,0.9983518719673157,0.007016411051154137,0.9984025359153748,0.998302698135376
3,0.9986000061035156,0.9985515475273132,0.004847339820116758,0.9986022114753723,0.9985023736953735
4,0.9993000030517578,0.9992504119873047,0.003335503861308098,0.9993011355400085,0.9992012977600098
5,0.9984999895095825,0.9984517097473145,0.004508515354245901,0.9985023736953735,0.9984025359153748
6,0.9991999864578247,0.9992012977600098,0.0020788228139281273,0.9992012977600098,0.9992012977600098
7,0.9987999796867371,0.9987512230873108,0.0035586750600486994,0.9988019466400146,0.9987020492553711
8,0.9984999895095825,0.9985023736953735,0.005485986825078726,0.9985023736953735,0.9985023736953735
9,0.9980000257492065,0.9980523586273193,0.006374389864504337,0.9981030225753784,0.9980031847953796
0,0.9168999791145325,0.9152632355690002,0.5545039772987366,0.9326504468917847,0.9012579917907715
1,0.9757000207901001,0.9764020442962646,0.07435289770364761,0.9793702960014343,0.973542332649231
2,0.9837999939918518,0.984467625617981,0.04701465368270874,0.9861673712730408,0.9828274846076965
3,0.9891999959945679,0.9892964959144592,0.03219170495867729,0.9903058409690857,0.988318681716919
4,0.9939000010490417,0.9938003420829773,0.019042950123548508,0.99430912733078,0.9933106899261475
5,0.994700014591217,0.9946039319038391,0.015448890626430511,0.9949081540107727,0.99430912733078
6,0.9955999851226807,0.9957037568092346,0.01297592744231224,0.9959065318107605,0.9955071806907654
7,0.9958000183105469,0.9958035945892334,0.012294726446270943,0.9960063695907593,0.9956070184707642
8,0.995199978351593,0.9950540065765381,0.012448020279407501,0.9952044486999512,0.9949081540107727
9,0.9958000183105469,0.9957544207572937,0.013089053332805634,0.9958034753799438,0.9957068562507629
0,0.9972000122070312,0.9970998764038086,0.008938472718000412,0.9973011016845703,0.9969049692153931
1,0.9959999918937683,0.996055543422699,0.013664811849594116,0.9961062073707581,0.9960063695907593
2,0.9966999888420105,0.9967036843299866,0.01023540273308754,0.9968051314353943,0.9966054558753967
3,0.9965999722480774,0.9965547323226929,0.011764653958380222,0.9966054558753967,0.996505618095398
4,0.9979000091552734,0.9978495240211487,0.006096906494349241,0.9979999661445618,0.9977036714553833
5,0.9968000054359436,0.9968510270118713,0.010141552425920963,0.997001588344574,0.9967052936553955
6,0.9977999925613403,0.9977527856826782,0.007094456348568201,0.9978035092353821,0.9977036714553833
7,0.9984999895095825,0.9985023736953735,0.004465772770345211,0.9985023736953735,0.9985023736953735
8,0.9980000257492065,0.9980523586273193,0.005682865623384714,0.9981030225753784,0.9980031847953796
9,0.9980999827384949,0.9980507493019104,0.00530965207144618,0.9980998039245605,0.9980031847953796
0,0.9972000122070312,0.9972520470619202,0.007943774573504925,0.997404158115387,0.9971046447753906
1,0.9983000159263611,0.998302698135376,0.005238088313490152,0.998302698135376,0.998302698135376
2,0.9973999857902527,0.997404158115387,0.007903534919023514,0.997404158115387,0.997404158115387
3,0.9976999759674072,0.997700572013855,0.007780717685818672,0.9978002905845642,0.9976038336753845
4,0.9975000023841858,0.9976007342338562,0.008866282179951668,0.9977004528045654,0.9975039958953857
5,0.9970999956130981,0.9971537590026855,0.008294181898236275,0.9972044825553894,0.9971046447753906
6,0.9980999827384949,0.9980523586273193,0.0078214006498456,0.9981030225753784,0.9980031847953796
7,0.9986000061035156,0.998651385307312,0.00482421088963747,0.9987020492553711,0.9986022114753723
8,0.9986000061035156,0.9986022114753723,0.004108405206352472,0.9986022114753723,0.9986022114753723
9,0.9983000159263611,0.998302698135376,0.005724452435970306,0.998302698135376,0.998302698135376
0,0.9980999827384949,0.9981014728546143,0.005962162744253874,0.9982028603553772,0.9980031847953796
1,0.9987999796867371,0.9988019466400146,0.00484020821750164,0.9988019466400146,0.9988019466400146
2,0.9987999796867371,0.9987512230873108,0.003693300997838378,0.9988019466400146,0.9987020492553711
3,0.9973999857902527,0.9974532723426819,0.006829960737377405,0.9975039958953857,0.997404158115387
4,0.9980999827384949,0.9981030225753784,0.007913683541119099,0.9981030225753784,0.9981030225753784
5,0.9976999759674072,0.9976529479026794,0.0089584244415164,0.9977036714553833,0.9976038336753845
6,0.9986000061035156,0.998651385307312,0.002948800567537546,0.9987020492553711,0.9986022114753723
7,0.9986000061035156,0.9986022114753723,0.006505991332232952,0.9986022114753723,0.9986022114753723
8,0.9987999796867371,0.9988019466400146,0.004733522888273001,0.9988019466400146,0.9988019466400146
9,0.998199999332428,0.9982028603553772,0.005568638909608126,0.9982028603553772,0.9982028603553772
0,0.8756999969482422,0.8516295552253723,0.4164911210536957,0.8882920145988464,0.8261781334877014
1,0.9578999876976013,0.959027886390686,0.13706372678279877,0.9658749103546143,0.9524760246276855
2,0.972100019454956,0.9731773734092712,0.08619849383831024,0.9772515296936035,0.9692491888999939
3,0.9787999987602234,0.9792460203170776,0.06562121212482452,0.9816293716430664,0.9769368767738342
4,0.9861999750137329,0.9857861995697021,0.04684698209166527,0.9871947169303894,0.9844249486923218
0,0.9854999780654907,0.9861315488815308,0.04111563786864281,0.9873842597007751,0.9849241375923157
1,0.989799976348877,0.9896356463432312,0.03332618251442909,0.9906890988349915,0.9886181950569153
2,0.9916999936103821,0.9912996888160706,0.023712724447250366,0.9921094179153442,0.9905151724815369
3,0.9898999929428101,0.9900508522987366,0.02796967513859272,0.9907084107398987,0.9894169569015503
4,0.9937000274658203,0.9932045340538025,0.021191077306866646,0.9936102032661438,0.9928115010261536
0,0.9925000071525574,0.992505669593811,0.02043800801038742,0.9928082823753357,0.9922124743461609
1,0.9929999709129333,0.9931490421295166,0.019395627081394196,0.9934974908828735,0.9928115010261536
2,0.9927999973297119,0.9929050207138062,0.01972551830112934,0.9931045770645142,0.9927116632461548
3,0.9955000281333923,0.9954977035522461,0.013366159051656723,0.9957970380783081,0.995207667350769
4,0.9944999814033508,0.9946070909500122,0.016784250736236572,0.9947084784507751,0.9945088028907776
0,0.9957000017166138,0.9956039190292358,0.012566987425088882,0.9958066940307617,0.9954073429107666
1,0.9955000281333923,0.9953550696372986,0.012148404493927956,0.9955071806907654,0.995207667350769
2,0.9950000047683716,0.9949524998664856,0.013545270077884197,0.9952044486999512,0.9947084784507751
3,0.9962000250816345,0.9962044954299927,0.013566980138421059,0.9963058829307556,0.9961062073707581
4,0.9947999715805054,0.9947543740272522,0.01295823510736227,0.9949049353599548,0.9946086406707764
0,0.9957000017166138,0.9957544207572937,0.012602225877344608,0.9959065318107605,0.9956070184707642
1,0.9962999820709229,0.9962044954299927,0.011366551741957664,0.9963058829307556,0.9961062073707581
2,0.9961000084877014,0.9960048198699951,0.010309508070349693,0.9961062073707581,0.9959065318107605
3,0.9966999888420105,0.9967544078826904,0.00904223695397377,0.9968051314353943,0.9967052936553955
4,0.996399998664856,0.9963535070419312,0.008357862010598183,0.996505618095398,0.9962060451507568
0,0.9966999888420105,0.9967528581619263,0.00964817963540554,0.9969049692153931,0.9966054558753967
1,0.9970999956130981,0.9971030950546265,0.00984715111553669,0.9972044825553894,0.9970048069953918
2,0.9977999925613403,0.9978035092353821,0.005918830167502165,0.9978035092353821,0.9978035092353821
3,0.9958000183105469,0.9959048628807068,0.010544518008828163,0.9960063695907593,0.9958066940307617
4,0.996999979019165,0.9969508647918701,0.008826076053082943,0.9971014261245728,0.9968051314353943
0,0.9983000159263611,0.998302698135376,0.0054443818517029285,0.998302698135376,0.998302698135376
1,0.9979000091552734,0.9979509115219116,0.0050718458369374275,0.9981030225753784,0.9978035092353821
2,0.9961000084877014,0.9962521195411682,0.015875332057476044,0.996505618095398,0.9960063695907593
3,0.9980999827384949,0.9980523586273193,0.006717443931847811,0.9981030225753784,0.9980031847953796
4,0.9986000061035156,0.998651385307312,0.004562359768897295,0.9987020492553711,0.9986022114753723
0,0.9970999956130981,0.9971046447753906,0.008056760765612125,0.9971046447753906,0.9971046447753906
1,0.9983999729156494,0.9984025359153748,0.004661289043724537,0.9984025359153748,0.9984025359153748
2,0.9973000288009644,0.9973534345626831,0.008359354920685291,0.997404158115387,0.9973043203353882
3,0.9980000257492065,0.9980031847953796,0.007137518376111984,0.9980031847953796,0.9980031847953796
4,0.9979000091552734,0.9979033470153809,0.005432602018117905,0.9979033470153809,0.9979033470153809
0,0.9980999827384949,0.9981030225753784,0.005864536389708519,0.9981030225753784,0.9981030225753784
1,0.9968000054359436,0.9967544078826904,0.008944384753704071,0.9968051314353943,0.9967052936553955
2,0.9977999925613403,0.9978035092353821,0.006107986904680729,0.9978035092353821,0.9978035092353821
3,0.998199999332428,0.9981521964073181,0.008084000088274479,0.9982028603553772,0.9981030225753784
4,0.9979000091552734,0.9979033470153809,0.007673872169107199,0.9979033470153809,0.9979033470153809
0,0.9984999895095825,0.9985023736953735,0.0044513847678899765,0.9985023736953735,0.9985023736953735
1,0.9983000159263611,0.998302698135376,0.004911478608846664,0.998302698135376,0.998302698135376
2,0.9991999864578247,0.9991505742073059,0.0027914110105484724,0.9992012977600098,0.999101459980011
3,0.998199999332428,0.9982520341873169,0.006107135210186243,0.998302698135376,0.9982028603553772
4,0.9979000091552734,0.9979033470153809,0.005412146914750338,0.9979033470153809,0.9979033470153809
0,0.9519666433334351,0.9510729312896729,0.13663290441036224,0.9555388689041138,0.9480666518211365
1,0.9718999862670898,0.9719386696815491,0.08621424436569214,0.9722405672073364,0.9716500043869019
0,0.9724666476249695,0.97251296043396,0.0921274721622467,0.9726300835609436,0.9724000096321106
1,0.975516676902771,0.9755311608314514,0.07709702104330063,0.9757201671600342,0.975350022315979
0,0.9361500144004822,0.9351868629455566,0.19849322736263275,0.9390779733657837,0.9320833086967468
1,0.9749000072479248,0.9749920964241028,0.07952327281236649,0.9763338565826416,0.9736999869346619
0,0.9803333282470703,0.9802491664886475,0.0637395828962326,0.9811283946037292,0.9793999791145325
1,0.98416668176651,0.9842836856842041,0.05234530195593834,0.9847494959831238,0.9838333129882812
0,0.9367499947547913,0.9359414577484131,0.19946159422397614,0.9393894672393799,0.9330666661262512
1,0.9746500253677368,0.9746345281600952,0.07964793592691422,0.9760734438896179,0.9732499718666077
0,0.9805166721343994,0.9805144667625427,0.062165312469005585,0.9812543392181396,0.9797999858856201
1,0.9834499955177307,0.9834365844726562,0.053741924464702606,0.9839397072792053,0.98294997215271
