epoch,accuracy,f1_m,loss,meanSquaredError,precision_m,recall_m,val_accuracy,val_f1_m,val_loss,val_meanSquaredError,val_precision_m,val_recall_m
0,0.9821000099182129,0.9821547269821167,0.057216521352529526,0.003501367988064885,0.9835245013237,0.9808333516120911,0.9763333201408386,0.9764569997787476,0.060228217393159866,0.004038084298372269,0.9770343899726868,0.9758976101875305
1,0.9836000204086304,0.9835191369056702,0.05355149880051613,0.003243174171075225,0.9843829274177551,0.9826833605766296,0.9888333082199097,0.9892455339431763,0.039755191653966904,0.0023160534910857677,0.9908416271209717,0.9876994490623474
2,0.9842833280563354,0.9842355847358704,0.05028447508811951,0.0030771312303841114,0.9849451184272766,0.9835500121116638,0.9863333106040955,0.9865226745605469,0.04406420513987541,0.002783847274258733,0.9870238900184631,0.9860372543334961
3,0.9855666756629944,0.9855353236198425,0.0486525222659111,0.0029215537942945957,0.9860531091690063,0.9850333333015442,0.9801666736602783,0.9792482256889343,0.06487658619880676,0.00398046150803566,0.9813401103019714,0.9772273898124695
4,0.9850166440010071,0.9850101470947266,0.04912345111370087,0.0029458601493388414,0.9854504466056824,0.98458331823349,0.9871666431427002,0.9862588047981262,0.04056248813867569,0.0024477543774992228,0.9871740341186523,0.9853723645210266
0,0.9972666501998901,0.9972579479217529,0.011838573962450027,0.0005945903831161559,0.9972661733627319,0.9972500205039978,0.9983333349227905,0.9983377456665039,0.007688062731176615,0.00036303262459114194,0.9983377456665039,0.9983377456665039
1,0.9974499940872192,0.9974415302276611,0.011788399890065193,0.000575606944039464,0.9974499940872192,0.9974333047866821,0.9978333115577698,0.997839093208313,0.012910835444927216,0.0004988008877262473,0.997839093208313,0.997839093208313
2,0.9976333379745483,0.9976333379745483,0.011027012951672077,0.0005294434376992285,0.9976333379745483,0.9976333379745483,0.9988333582878113,0.9988364577293396,0.006408948451280594,0.00029029848519712687,0.9988364577293396,0.9988364577293396
3,0.9976999759674072,0.9976999759674072,0.010724683292210102,0.0005194485420361161,0.9976999759674072,0.9976999759674072,0.9988333582878113,0.9988364577293396,0.006729063577950001,0.0002934956573881209,0.9988364577293396,0.9988364577293396
4,0.9976166486740112,0.9976164102554321,0.010567313991487026,0.0005329913692548871,0.9976333379745483,0.9976000189781189,0.9984999895095825,0.9985039830207825,0.005673034582287073,0.0003003196616191417,0.9985039830207825,0.9985039830207825
5,0.9975833296775818,0.9975915551185608,0.010625995695590973,0.0005291099660098553,0.9976000189781189,0.9975833296775818,0.9984999895095825,0.9985039830207825,0.006041260901838541,0.0003272221947554499,0.9985039830207825,0.9985039830207825
6,0.9974499940872192,0.9974499940872192,0.010652059689164162,0.0005453617195598781,0.9974499940872192,0.9974499940872192,0.9983333349227905,0.9983377456665039,0.005940637551248074,0.00033284781966358423,0.9983377456665039,0.9983377456665039
7,0.9975333213806152,0.9975330829620361,0.010020426474511623,0.0005202492466196418,0.9975500106811523,0.9975166916847229,0.9988333582878113,0.9988364577293396,0.004573979880660772,0.00022836661082692444,0.9988364577293396,0.9988364577293396
8,0.9978500008583069,0.9978500008583069,0.009799891151487827,0.0004853536083828658,0.9978500008583069,0.9978500008583069,0.9988333582878113,0.9988364577293396,0.005854506976902485,0.00027339611551724374,0.9988364577293396,0.9988364577293396
9,0.9977333545684814,0.9977333545684814,0.01026846095919609,0.0005145457107573748,0.9977333545684814,0.9977333545684814,0.9988333582878113,0.9988364577293396,0.007422633934766054,0.0003134493890684098,0.9988364577293396,0.9988364577293396
10,0.9977166652679443,0.9977166652679443,0.010245181620121002,0.0004992187023162842,0.9977166652679443,0.9977166652679443,0.9988333582878113,0.9988364577293396,0.005868079606443644,0.0002783789823297411,0.9988364577293396,0.9988364577293396
11,0.9977999925613403,0.9978163838386536,0.010041184723377228,0.0004893013974651694,0.9978333115577698,0.9977999925613403,0.9984999895095825,0.9985039830207825,0.006508145481348038,0.000308570743072778,0.9985039830207825,0.9985039830207825
12,0.9977333545684814,0.9977333545684814,0.009586963802576065,0.0004926707479171455,0.9977333545684814,0.9977333545684814,0.9983333349227905,0.998253345489502,0.006427075248211622,0.00034018384758383036,0.9983377456665039,0.9981715679168701
13,0.9979833364486694,0.9979833364486694,0.00927271693944931,0.0004526179109234363,0.9979833364486694,0.9979833364486694,0.9981666803359985,0.998253345489502,0.007280288264155388,0.0003879740834236145,0.9983377456665039,0.9981715679168701
14,0.9976166486740112,0.9976081848144531,0.011085734702646732,0.0005342087824828923,0.9976166486740112,0.9976000189781189,0.9988333582878113,0.9988364577293396,0.005640835035592318,0.00027555340784601867,0.9988364577293396,0.9988364577293396
15,0.9978833198547363,0.9978833198547363,0.009110390208661556,0.0004566214920487255,0.9978833198547363,0.9978833198547363,0.9984999895095825,0.9985039830207825,0.00664774002507329,0.0003224849351681769,0.9985039830207825,0.9985039830207825
16,0.9976666569709778,0.9976666569709778,0.010354867205023766,0.0005113646038807929,0.9976666569709778,0.9976666569709778,0.9988333582878113,0.9988364577293396,0.00488652428612113,0.0002602174354251474,0.9988364577293396,0.9988364577293396
17,0.9975333213806152,0.9975333213806152,0.010298362001776695,0.0005129787023179233,0.9975333213806152,0.9975333213806152,0.9988333582878113,0.9988364577293396,0.005286891013383865,0.00025477545568719506,0.9988364577293396,0.9988364577293396
18,0.9979166388511658,0.9979164004325867,0.009098445065319538,0.0004471752035897225,0.9979333281517029,0.9979000091552734,0.9991666674613953,0.999168872833252,0.006597725674510002,0.00028275782824493945,0.999168872833252,0.999168872833252
19,0.9980000257492065,0.9980000257492065,0.008704768493771553,0.00041897152550518513,0.9980000257492065,0.9980000257492065,0.9988333582878113,0.9988364577293396,0.005009185057133436,0.00024096103152260184,0.9988364577293396,0.9988364577293396
20,0.9975833296775818,0.9975915551185608,0.010117449797689915,0.0004995561321265996,0.9976000189781189,0.9975833296775818,0.9993333220481873,0.9993351101875305,0.005442352965474129,0.0002682614140212536,0.9993351101875305,0.9993351101875305
21,0.9978166818618774,0.9978166818618774,0.00972153153270483,0.00048234275891445577,0.9978166818618774,0.9978166818618774,0.9988333582878113,0.9988364577293396,0.005025112070143223,0.000262450281297788,0.9988364577293396,0.9988364577293396
22,0.9976999759674072,0.9977082014083862,0.00947019923478365,0.0004677977121900767,0.9977166652679443,0.9976999759674072,0.9988333582878113,0.9988364577293396,0.005726941861212254,0.0002469921892043203,0.9988364577293396,0.9988364577293396
23,0.9979666471481323,0.9979994893074036,0.009658859111368656,0.00045400887029245496,0.998033344745636,0.9979666471481323,0.9991666674613953,0.999168872833252,0.005587391089648008,0.00022055520093999803,0.999168872833252,0.999168872833252
24,0.997783362865448,0.9977915287017822,0.009592807851731777,0.0004678650002460927,0.9977999925613403,0.997783362865448,0.9991666674613953,0.999168872833252,0.005182993598282337,0.000225480500375852,0.999168872833252,0.999168872833252
25,0.997866690158844,0.9978582262992859,0.009634137153625488,0.00047176837688311934,0.997866690158844,0.9978500008583069,0.9988333582878113,0.9988364577293396,0.00513093639165163,0.00022646829893346876,0.9988364577293396,0.9988364577293396
26,0.9980666637420654,0.9980579614639282,0.008525540120899677,0.0004152266192249954,0.9980661273002625,0.9980499744415283,0.9990000128746033,0.9990026354789734,0.004105012863874435,0.0002274570579174906,0.9990026354789734,0.9990026354789734
27,0.9973999857902527,0.9973999857902527,0.011326628737151623,0.0005472454358823597,0.9973999857902527,0.9973999857902527,0.9986666440963745,0.998670220375061,0.005130160134285688,0.000247892749030143,0.998670220375061,0.998670220375061
28,0.9977166652679443,0.9977166652679443,0.009964541532099247,0.00048281002091243863,0.9977166652679443,0.9977166652679443,0.996666669845581,0.9966755509376526,0.007930050604045391,0.0005470524774864316,0.9966755509376526,0.9966755509376526
29,0.9980999827384949,0.9980999827384949,0.008197776973247528,0.0004014986625406891,0.9980999827384949,0.9980999827384949,0.9986666440963745,0.998670220375061,0.0072133284993469715,0.00033509169588796794,0.998670220375061,0.998670220375061
30,0.9978833198547363,0.9978833198547363,0.009154445491731167,0.00045069941552355886,0.9978833198547363,0.9978833198547363,0.9988333582878113,0.9988364577293396,0.0057740164920687675,0.00024160869361367077,0.9988364577293396,0.9988364577293396
31,0.9980499744415283,0.9980581998825073,0.008481745608150959,0.0004129250010009855,0.9980666637420654,0.9980499744415283,0.9991666674613953,0.999168872833252,0.0047512296587228775,0.0002018887607846409,0.999168872833252,0.999168872833252
32,0.9981666803359985,0.9981666803359985,0.008735200390219688,0.0004085491527803242,0.9981666803359985,0.9981666803359985,0.9955000281333923,0.9955119490623474,0.01566551811993122,0.0009284245898015797,0.9955119490623474,0.9955119490623474
33,0.9978833198547363,0.9979079365730286,0.009577753953635693,0.00046935310820117593,0.9979333281517029,0.9978833198547363,0.9991666674613953,0.999168872833252,0.004853258840739727,0.00022337558038998395,0.999168872833252,0.999168872833252
34,0.9983000159263611,0.9983000159263611,0.008034277707338333,0.00038284892798401415,0.9983000159263611,0.9983000159263611,0.9991666674613953,0.999168872833252,0.005094550084322691,0.00019831825920846313,0.999168872833252,0.999168872833252
35,0.99795001745224,0.9979581832885742,0.00935934018343687,0.00045118393609300256,0.9979666471481323,0.99795001745224,0.9990000128746033,0.9990026354789734,0.005665704142302275,0.00025284982984885573,0.9990026354789734,0.9990026354789734
36,0.9979000091552734,0.9979000091552734,0.009672273881733418,0.0004509116115514189,0.9979000091552734,0.9979000091552734,0.9991666674613953,0.999168872833252,0.00680232560262084,0.00021379654936026782,0.999168872833252,0.999168872833252
37,0.9986833333969116,0.9986833333969116,0.007419150322675705,0.0003179261984769255,0.9986833333969116,0.9986833333969116,0.9991666674613953,0.999168872833252,0.005768284667283297,0.00022261423873715103,0.999168872833252,0.999168872833252
38,0.9979000091552734,0.9979081749916077,0.009664179757237434,0.00045881199184805155,0.9979166388511658,0.9979000091552734,0.9991666674613953,0.999168872833252,0.005073085892945528,0.00021621778432745486,0.999168872833252,0.999168872833252
39,0.9982333183288574,0.9982333183288574,0.007674050983041525,0.0003665381809696555,0.9982333183288574,0.9982333183288574,0.9991666674613953,0.999168872833252,0.005114221479743719,0.0002191877574659884,0.999168872833252,0.999168872833252
40,0.9982166886329651,0.9982166886329651,0.008694793097674847,0.0004066491383127868,0.9982166886329651,0.9982166886329651,0.9986666440963745,0.9987519979476929,0.004747765604406595,0.000261437933659181,0.9988364577293396,0.998670220375061
41,0.9984166622161865,0.9984164237976074,0.00819491408765316,0.0003739359090104699,0.9984333515167236,0.9983999729156494,0.9991666674613953,0.999168872833252,0.0044810576364398,0.0002182420139433816,0.999168872833252,0.999168872833252
42,0.998283326625824,0.998283326625824,0.008095180615782738,0.0003689201548695564,0.998283326625824,0.998283326625824,0.9991666674613953,0.999168872833252,0.004097903147339821,0.00019003383931703866,0.999168872833252,0.999168872833252
43,0.998283326625824,0.998291552066803,0.008287198841571808,0.00038062126259319484,0.9983000159263611,0.998283326625824,0.9988333582878113,0.9988364577293396,0.00381178199313581,0.00019837550644297153,0.9988364577293396,0.9988364577293396
44,0.9981833100318909,0.9981833100318909,0.008980406448245049,0.0004089292197022587,0.9981833100318909,0.9981833100318909,0.9991666674613953,0.999168872833252,0.005548702087253332,0.00021587716764770448,0.999168872833252,0.999168872833252
45,0.9984666705131531,0.998458206653595,0.008035439066588879,0.00035815718001686037,0.9984666705131531,0.998449981212616,0.9988333582878113,0.9988364577293396,0.005618905182927847,0.00024231031420640647,0.9988364577293396,0.9988364577293396
46,0.998199999332428,0.998215913772583,0.008250727318227291,0.0003941817267332226,0.9982494711875916,0.9981833100318909,0.9991666674613953,0.999168872833252,0.004172162152826786,0.00015518846339546144,0.999168872833252,0.999168872833252
47,0.9983999729156494,0.9983999729156494,0.007426397874951363,0.00033144745975732803,0.9983999729156494,0.9983999729156494,0.9965000152587891,0.996509313583374,0.00890469178557396,0.000621666491497308,0.996509313583374,0.996509313583374
48,0.9981499910354614,0.9981499910354614,0.008585594594478607,0.00041039835195988417,0.9981499910354614,0.9981499910354614,0.9991666674613953,0.999168872833252,0.005613808985799551,0.00020546969608403742,0.999168872833252,0.999168872833252
49,0.9984833598136902,0.9984833598136902,0.007486011832952499,0.00034854415571317077,0.9984833598136902,0.9984833598136902,0.9991666674613953,0.999168872833252,0.003894238732755184,0.00017821515211835504,0.999168872833252,0.999168872833252
0,0.08223823457956314,0.0,0.032219015061855316,0.0,0.0,0.04699999839067459,0.0,0.03477073833346367,0.0,0.0
1,0.11106400936841965,0.0,0.02022954821586609,0.0,0.0,0.0689999982714653,0.0,0.031612906605005264,0.0,0.0
2,0.10173802822828293,0.0,0.019160296767950058,0.0,0.0,0.07199999690055847,0.0,0.02866211347281933,0.0,0.0
3,0.115726999938488,0.0,0.01713244616985321,0.0,0.0,0.06400000303983688,0.0,0.029005687683820724,0.0,0.0
4,0.13013988733291626,0.0,0.016452988609671593,0.0,0.0,0.07400000095367432,0.0,0.029229702427983284,0.0,0.0
5,0.12462908029556274,0.0,0.01634533330798149,0.0,0.0,0.07800000160932541,0.0,0.029536154121160507,0.0,0.0
0,0.08774904906749725,0.0,0.02991504594683647,0.0,0.0,0.0689999982714653,0.0,0.033861447125673294,0.0,0.0
1,0.1080966517329216,0.0,0.02012665569782257,0.0,0.0,0.05299999937415123,0.0,0.03129562363028526,0.0,0.0
2,0.1119118258357048,0.0,0.01897873915731907,0.0,0.0,0.04800000041723251,0.0,0.030189864337444305,0.0,0.0
3,0.12590080499649048,0.0,0.016832204535603523,0.0,0.0,0.07900000363588333,0.0,0.029375776648521423,0.0,0.0
4,0.1331072449684143,0.0,0.016319410875439644,0.0,0.0,0.08399999886751175,0.0,0.028890838846564293,0.0,0.0
5,0.1390419602394104,0.0,0.01592402532696724,0.0,0.0,0.06199999898672104,0.0,0.028788791969418526,0.0,0.0
6,0.15218313038349152,0.0,0.0157723817974329,0.0,0.0,0.07999999821186066,0.0,0.02867269515991211,0.0,0.0
7,0.1543026715517044,0.0,0.015218610875308514,0.0,0.0,0.12200000137090683,0.0,0.028001077473163605,0.0,0.0
8,0.17676982283592224,0.0,0.014016513712704182,0.0,0.0,0.12399999797344208,3.5585973819252104e-05,0.026601456105709076,4.273504237062298e-05,3.048780490644276e-05
9,0.21110640466213226,0.0,0.013310395181179047,0.0,0.0,0.12600000202655792,3.4914977732114494e-05,0.02547292225062847,4.0849674405762926e-05,3.048780490644276e-05
10,0.2238236516714096,1.362577222607797e-05,0.012776440009474754,1.416731538483873e-05,1.3125082659826148e-05,0.1289999932050705,6.900756852701306e-05,0.025151729583740234,7.272915536304936e-05,6.584848597412929e-05
11,0.22043238580226898,0.0,0.012704151682555676,0.0,0.0,0.12600000202655792,7.164424459915608e-05,0.024366067722439766,7.896796887507662e-05,6.584848597412929e-05
12,0.21873675286769867,1.4214620932762045e-05,0.01245022937655449,1.4399885003513191e-05,1.4035087588126771e-05,0.11999999731779099,7.231313065858558e-05,0.023827021941542625,8.07872274890542e-05,6.584848597412929e-05
13,0.2178889364004135,0.0,0.012310068123042583,0.0,0.0,0.12399999797344208,7.19901145203039e-05,0.023634105920791626,8.006855932762846e-05,6.584848597412929e-05
14,0.22933445870876312,0.0,0.012258801609277725,0.0,0.0,0.11999999731779099,7.218608516268432e-05,0.02371838502585888,8.044589776545763e-05,6.584848597412929e-05
15,0.23611700534820557,0.0,0.012178430333733559,0.0,0.0,0.1289999932050705,7.231086783576757e-05,0.02340664342045784,8.079838880803436e-05,6.584848597412929e-05
16,0.2259431928396225,0.0,0.012091219425201416,0.0,0.0,0.12800000607967377,7.176903454819694e-05,0.02301032841205597,7.943207310745493e-05,6.584848597412929e-05
17,0.231453999876976,0.0,0.01191772148013115,0.0,0.0,0.12999999523162842,3.503732295939699e-05,0.022440342232584953,4.118616197956726e-05,3.048780490644276e-05
18,0.22085629403591156,0.0,0.011811845935881138,0.0,0.0,0.14000000059604645,3.58410834451206e-05,0.022168070077896118,4.347826325101778e-05,3.048780490644276e-05
19,0.24586689472198486,0.0,0.011730074882507324,0.0,0.0,0.1379999965429306,3.556066076271236e-05,0.022275719791650772,4.266211544745602e-05,3.048780490644276e-05
20,0.24374735355377197,1.502633313066326e-05,0.011520770378410816,1.5145777979341801e-05,1.4909795936546288e-05,0.14800000190734863,3.6521807487588376e-05,0.02200169861316681,4.553734106593765e-05,3.048780490644276e-05
21,0.2450190782546997,0.0,0.011413736268877983,0.0,0.0,0.13699999451637268,7.235648081405088e-05,0.021813252940773964,8.149696805048734e-05,6.584848597412929e-05
22,0.24205172061920166,1.4090926924836822e-05,0.011622829362750053,1.4660607121186331e-05,1.3564839719037991e-05,0.13699999451637268,7.113568426575512e-05,0.02160213515162468,7.807298243278638e-05,6.584848597412929e-05
23,0.25349724292755127,1.4369873497344088e-05,0.011408763006329536,1.534448347229045e-05,1.351260107185226e-05,0.12800000607967377,7.126035779947415e-05,0.021592486649751663,7.840139733161777e-05,6.584848597412929e-05
24,0.26748621463775635,0.0,0.011343943886458874,0.0,0.0,0.11699999868869781,7.200386608019471e-05,0.02139246091246605,8.024003909667954e-05,6.584848597412929e-05
25,0.25943195819854736,0.0,0.011240619234740734,0.0,0.0,0.13199999928474426,7.235739758471027e-05,0.02191206067800522,8.140514546539634e-05,6.584848597412929e-05
26,0.254768967628479,1.4195451512932777e-05,0.011286328546702862,1.4952153833291959e-05,1.351260107185226e-05,0.15199999511241913,6.997432501520962e-05,0.021776143461465836,7.523808017140254e-05,6.584848597412929e-05
27,0.25222551822662354,0.0,0.011298177763819695,0.0,0.0,0.1469999998807907,7.080890645738691e-05,0.021765880286693573,7.727938645984977e-05,6.584848597412929e-05
0,0.09283594787120819,0.0,0.03050047531723976,0.0,0.0,0.0689999982714653,0.0,0.03291777893900871,0.0,0.0
1,0.11445527523756027,0.0,0.019709687680006027,0.0,0.0,0.04699999839067459,0.0,0.029105214402079582,0.0,0.0
2,0.09283594787120819,0.0,0.018785100430250168,0.0,0.0,0.0989999994635582,0.0,0.029425662010908127,0.0,0.0
3,0.11657481640577316,0.0,0.01722109131515026,0.0,0.0,0.07500000298023224,0.0,0.028820741921663284,0.0,0.0
4,0.12123781442642212,0.0,0.016254564747214317,0.0,0.0,0.10400000214576721,0.0,0.02871314249932766,0.0,0.0
5,0.13437896966934204,0.0,0.016099756583571434,0.0,0.0,0.07199999690055847,0.0,0.028332198038697243,0.0,0.0
6,0.14243324100971222,0.0,0.01588091067969799,0.0,0.0,0.0729999989271164,0.0,0.02761656418442726,0.0,0.0
7,0.16066129505634308,0.0,0.015638144686818123,0.0,0.0,0.10999999940395355,0.0,0.027668744325637817,0.0,0.0
8,0.1526070386171341,0.0,0.015327020548284054,0.0,0.0,0.11299999803304672,0.0,0.026837345212697983,0.0,0.0
9,0.18948706984519958,0.0,0.014795414172112942,0.0,0.0,0.08500000089406967,0.0,0.027385639026761055,0.0,0.0
10,0.1966935098171234,0.0,0.014164858497679234,0.0,0.0,0.12999999523162842,0.0,0.026772189885377884,0.0,0.0
11,0.2178889364004135,0.0,0.013376422226428986,0.0,0.0,0.12099999934434891,3.48177163687069e-05,0.026921706274151802,4.058441481902264e-05,3.048780490644276e-05
12,0.20686732232570648,0.0,0.013220695778727531,0.0,0.0,0.1340000033378601,3.479348379187286e-05,0.026041947305202484,4.0518636524211615e-05,3.048780490644276e-05
13,0.22933445870876312,0.0,0.01266136672347784,0.0,0.0,0.11599999666213989,3.394309896975756e-05,0.027239354327321053,3.8284841139102355e-05,3.048780490644276e-05
14,0.2178889364004135,0.0,0.012568160891532898,0.0,0.0,0.13300000131130219,3.553538772393949e-05,0.025282057002186775,4.258943590684794e-05,3.048780490644276e-05
15,0.22848664224147797,0.0,0.012330672703683376,0.0,0.0,0.1340000033378601,3.48906141880434e-05,0.025477929040789604,4.078303390997462e-05,3.048780490644276e-05
16,0.2183128446340561,0.0,0.012209358625113964,0.0,0.0,0.14399999380111694,3.4505330404499546e-05,0.025272641330957413,3.974562787334435e-05,3.048780490644276e-05
17,0.2280627340078354,0.0,0.012076565064489841,0.0,0.0,0.15600000321865082,3.6204441130394116e-05,0.02430269494652748,4.456327951629646e-05,3.048780490644276e-05
18,0.23272572457790375,0.0,0.011927125975489616,0.0,0.0,0.12999999523162842,3.513581395964138e-05,0.02418598346412182,4.145937055000104e-05,3.048780490644276e-05
19,0.22551928460597992,0.0,0.011757945641875267,0.0,0.0,0.15000000596046448,3.445776383159682e-05,0.023790135979652405,3.9619651943212375e-05,3.048780490644276e-05
20,0.22721491754055023,0.0,0.011637454852461815,0.0,0.0,0.14000000059604645,3.464880501269363e-05,0.023117417469620705,4.012841236544773e-05,3.048780490644276e-05
21,0.23272572457790375,0.0,0.011618927121162415,0.0,0.0,0.1420000046491623,3.553538772393949e-05,0.02318788878619671,4.258943590684794e-05,3.048780490644276e-05
22,0.22551928460597992,0.0,0.01155125442892313,0.0,0.0,0.17100000381469727,3.33098869305104e-05,0.023067276924848557,3.6710720451083034e-05,3.048780490644276e-05
23,0.2280627340078354,0.0,0.011546553112566471,0.0,0.0,0.12999999523162842,3.462481254246086e-05,0.023382514715194702,4.006410381407477e-05,3.048780490644276e-05
24,0.22509537637233734,0.0,0.011478161439299583,0.0,0.0,0.10899999737739563,3.548494350980036e-05,0.02277315780520439,4.2444822611287236e-05,3.048780490644276e-05
25,0.2259431928396225,0.0,0.011435826309025288,0.0,0.0,0.14399999380111694,3.533447306836024e-05,0.022463655099272728,4.201680712867528e-05,3.048780490644276e-05
26,0.23060618340969086,0.0,0.011359180323779583,0.0,0.0,0.14800000190734863,7.048821134958416e-05,0.02198064513504505,7.64773940318264e-05,6.584848597412929e-05
27,0.22933445870876312,0.0,0.011292070150375366,0.0,0.0,0.1459999978542328,3.566212399164215e-05,0.022050434723496437,4.295532562537119e-05,3.048780490644276e-05
28,0.2280627340078354,0.0,0.011345058679580688,0.0,0.0,0.14399999380111694,7.080251816660166e-05,0.02189955860376358,7.735031249467283e-05,6.584848597412929e-05
29,0.23866045475006104,0.0,0.011201396584510803,0.0,0.0,0.1379999965429306,7.064437522785738e-05,0.021999355405569077,7.71972190705128e-05,6.584848597412929e-05
30,0.2412039041519165,0.0,0.011268177069723606,0.0,0.0,0.12800000607967377,7.181860564742237e-05,0.02177293226122856,7.984726107679307e-05,6.584848597412929e-05
31,0.2505298852920532,0.0,0.011132272891700268,0.0,0.0,0.11400000005960464,7.210012699943036e-05,0.021915916353464127,8.062180131673813e-05,6.584848597412929e-05
32,0.2513777017593384,1.4690776879433542e-05,0.011144876480102539,1.5571473340969533e-05,1.390530542266788e-05,0.15800000727176666,7.107508281478658e-05,0.022018874064087868,7.80904883868061e-05,6.584848597412929e-05
33,0.24247562885284424,1.437968785467092e-05,0.011167910881340504,1.523345235909801e-05,1.3617484910355415e-05,0.13500000536441803,0.00011029336747014895,0.022392483428120613,0.0001264298625756055,9.861388389253989e-05
0,0.030954575166106224,0.033959902822971344
1,0.020338809117674828,0.032313257455825806
2,0.01967075653374195,0.029313160106539726
3,0.019068334251642227,0.0289737731218338
4,0.017778925597667694,0.02926994301378727
5,0.016457652673125267,0.028299355879426003
6,0.01581835187971592,0.027419444173574448
7,0.015449045225977898,0.027268778532743454
8,0.015161873772740364,0.02738427370786667
9,0.014901882968842983,0.027894506230950356
10,0.014681175351142883,0.026927558705210686
11,0.014285391196608543,0.02705153077840805
12,0.013638779520988464,0.02644536830484867
13,0.013264268636703491,0.025816012173891068
14,0.01260047685354948,0.02487170323729515
15,0.012309213168919086,0.024025598540902138
16,0.012150982394814491,0.023579390719532967
17,0.012111719697713852,0.022970709949731827
18,0.01192096620798111,0.02264258824288845
19,0.011846921406686306,0.022690121084451675
20,0.011675677262246609,0.02178194373846054
21,0.011567127890884876,0.022302502766251564
22,0.011414642445743084,0.022999072447419167
23,0.011406735517084599,0.022081568837165833
0,0.031707458198070526,0.03290586918592453
1,0.019724559038877487,0.028755666688084602
2,0.018500421196222305,0.028555018827319145
3,0.016787420958280563,0.02831696718931198
4,0.01594742015004158,0.027666935697197914
5,0.015524745918810368,0.026963291689753532
6,0.014862016774713993,0.02769453078508377
7,0.014783963561058044,0.02709263376891613
8,0.01378209050744772,0.027017652988433838
0,0.032040245831012726,0.033625613898038864
1,0.020391879603266716,0.032308708876371384
2,0.019670851528644562,0.029900003224611282
3,0.018550952896475792,0.029314415529370308
4,0.01698322780430317,0.028751196339726448
5,0.016596805304288864,0.028877802193164825
6,0.016204986721277237,0.02860294096171856
7,0.01590215042233467,0.02876422554254532
8,0.015733228996396065,0.027666525915265083
9,0.015326667577028275,0.027332283556461334
10,0.015204926021397114,0.026436835527420044
11,0.01497024204581976,0.026789775118231773
12,0.014599601738154888,0.026453107595443726
13,0.014107112772762775,0.027328643947839737
0,0.032262273132801056,0.03359544277191162
1,0.020325392484664917,0.03272293508052826
2,0.019119471311569214,0.02955135703086853
3,0.017102733254432678,0.028760574758052826
4,0.016336197033524513,0.028399096801877022
5,0.01601630263030529,0.028013411909341812
6,0.015867995098233223,0.027736468240618706
7,0.01563085801899433,0.02813529781997204
8,0.015338703989982605,0.02706296183168888
9,0.015132276341319084,0.026772569864988327
10,0.014867576770484447,0.02720232494175434
11,0.014676295220851898,0.027176128700375557
12,0.014476464129984379,0.02672029472887516
13,0.014182345941662788,0.026957068592309952
14,0.013664500787854195,0.02724868431687355
15,0.013315041549503803,0.02704634703695774
0,0.03400877118110657,0.033036548644304276
1,0.020491793751716614,0.0330188125371933
2,0.01987229846417904,0.030109399929642677
3,0.018607543781399727,0.02934104949235916
4,0.01695026084780693,0.029447849839925766
5,0.016313407570123672,0.028963254764676094
6,0.016184458509087563,0.02860592119395733
7,0.016071246936917305,0.028561092913150787
8,0.015842290595173836,0.028607582673430443
9,0.015652040019631386,0.028479818254709244
10,0.015541662462055683,0.027653628960251808
11,0.015205870382487774,0.027400285005569458
12,0.014851512387394905,0.02693401649594307
13,0.014659659937024117,0.026590049266815186
14,0.014266466721892357,0.026952292770147324
15,0.013671614229679108,0.026548637077212334
16,0.013346322812139988,0.026482194662094116
17,0.012736332602798939,0.025611301884055138
18,0.012656647711992264,0.025813737884163857
19,0.012441577389836311,0.025825323536992073
20,0.012366403825581074,0.025199558585882187
21,0.012371604330837727,0.0250253789126873
22,0.012216745875775814,0.0247351061552763
23,0.012332586571574211,0.024305032566189766
24,0.01210938673466444,0.02444847859442234
25,0.012035987339913845,0.02351447194814682
26,0.011948442086577415,0.024503061547875404
27,0.01182604767382145,0.0239778570830822
28,0.01188107393682003,0.023075971752405167
29,0.011720016598701477,0.022830134257674217
30,0.011671929620206356,0.02363056130707264
31,0.011667587794363499,0.022800195962190628
32,0.011513213627040386,0.022963372990489006
33,0.011339306831359863,0.022678885608911514
34,0.011380637995898724,0.02254992537200451
35,0.011350922286510468,0.02206050418317318
36,0.011267855763435364,0.022012412548065186
37,0.011159182526171207,0.022093847393989563
38,0.011066678911447525,0.02162596769630909
39,0.011059184558689594,0.02177853137254715
40,0.01089551206678152,0.021944353356957436
41,0.010972021147608757,0.02274760603904724
0,0.029804382473230362,0.03424585610628128
1,0.020227067172527313,0.030920596793293953
2,0.019522609189152718,0.029145311564207077
3,0.018487893044948578,0.02975773625075817
4,0.016672130674123764,0.02869623526930809
5,0.01629265770316124,0.028751788660883904
6,0.016103046014904976,0.02879055216908455
7,0.015900423750281334,0.02919471450150013
0,0.02906615287065506,0.032250888645648956
1,0.019804086536169052,0.030037252232432365
2,0.018520576879382133,0.028922103345394135
3,0.016878260299563408,0.02911021187901497
4,0.01639903523027897,0.028822924941778183
5,0.01613747514784336,0.028137465938925743
6,0.01595379412174225,0.027543378993868828
7,0.01574874110519886,0.028012145310640335
8,0.015672340989112854,0.027174558490514755
9,0.015607266686856747,0.02671610750257969
10,0.015369848348200321,0.026922469958662987
11,0.015264655463397503,0.02608652412891388
12,0.014938161708414555,0.026242876425385475
13,0.014787011779844761,0.025017397478222847
14,0.014304425567388535,0.02517044171690941
15,0.013586664572358131,0.023945342749357224
16,0.012792596593499184,0.023248940706253052
17,0.012181594967842102,0.023345256224274635
18,0.011909441091120243,0.0224546380341053
19,0.011818754486739635,0.022463034838438034
20,0.011757219210267067,0.022750189527869225
21,0.01160544902086258,0.02172170765697956
22,0.011475255712866783,0.021434372290968895
23,0.011363065801560879,0.021310050040483475
24,0.01131653506308794,0.021396543830633163
25,0.0112930191680789,0.021082881838083267
26,0.01128300093114376,0.021092500537633896
27,0.011136429384350777,0.020914578810334206
28,0.01113084051758051,0.0210508294403553
29,0.011043122969567776,0.021143916994333267
30,0.010967621579766273,0.020800944417715073
31,0.01089220680296421,0.02103082276880741
32,0.010858546011149883,0.020853206515312195
33,0.01076282188296318,0.020713258534669876
34,0.010604416020214558,0.020919334143400192
35,0.010498103685677052,0.020175321027636528
36,0.01027037762105465,0.020526405423879623
37,0.010313290171325207,0.020028006285429
38,0.010129435919225216,0.019915742799639702
39,0.010046149604022503,0.020073818042874336
40,0.010094995610415936,0.019730469211935997
41,0.010047516785562038,0.02032620459794998
42,0.009968065656721592,0.019759206101298332
43,0.009810304269194603,0.019552817568182945
44,0.009664265438914299,0.019200336188077927
45,0.009518117643892765,0.01912924274802208
46,0.009390904568135738,0.018884075805544853
47,0.00927137304097414,0.018729813396930695
48,0.00915012788027525,0.01861981675028801
49,0.009045423939824104,0.01864728331565857
0,0.029239941388368607,0.03271521255373955
1,0.019759925082325935,0.028843369334936142
2,0.018233850598335266,0.029467575252056122
3,0.016621021553874016,0.02988794818520546
4,0.01636214181780815,0.028984488919377327
0,0.03137706592679024,0.033220160752534866
1,0.020007755607366562,0.030149057507514954
2,0.01912536658346653,0.029728271067142487
3,0.017832506448030472,0.029338274151086807
4,0.01675632782280445,0.02941884659230709
5,0.016428202390670776,0.029099075123667717
6,0.01595766842365265,0.02852301485836506
7,0.015846263617277145,0.028248256072402
8,0.015581885352730751,0.027651861310005188
9,0.015342697501182556,0.027573376893997192
10,0.014972025528550148,0.027099253609776497
11,0.014773507602512836,0.02670750580728054
12,0.014591459184885025,0.02622133493423462
13,0.014439099468290806,0.026171062141656876
14,0.014231974259018898,0.026118889451026917
15,0.013967725448310375,0.027001427486538887
16,0.013582340441644192,0.027012109756469727
17,0.013153265230357647,0.02709013968706131
0,0.02972406893968582,0.03323841840028763
1,0.01973770000040531,0.029611926525831223
2,0.018507802858948708,0.03017565608024597
3,0.01670970767736435,0.029526248574256897
4,0.016362208873033524,0.02903766930103302
5,0.0159190371632576,0.02880711667239666
6,0.01576879620552063,0.028398124501109123
7,0.015642434358596802,0.02789131924510002
8,0.015435501001775265,0.027601182460784912
9,0.015216107480227947,0.027277935296297073
10,0.014916876330971718,0.02671062760055065
11,0.014263825491070747,0.025127673521637917
12,0.013151980005204678,0.024613741785287857
13,0.012672939337790012,0.02358609437942505
14,0.012233264744281769,0.023186706006526947
15,0.01197961438447237,0.022610025480389595
16,0.011751359328627586,0.02190033532679081
17,0.011569392867386341,0.0219681765884161
18,0.011290970258414745,0.022155728191137314
19,0.01132450345903635,0.022838469594717026
0,0.031842105090618134,0.03271503001451492
1,0.01984294503927231,0.029340501874685287
2,0.017903240397572517,0.02914707362651825
3,0.0165714081376791,0.02882511354982853
4,0.016230322420597076,0.029374826699495316
5,0.015899227932095528,0.0289626345038414
6,0.015697142109274864,0.02801593951880932
7,0.014291219413280487,0.026985937729477882
8,0.01382021326571703,0.02661306783556938
9,0.013243208639323711,0.025971854105591774
10,0.012906135991215706,0.025949832051992416
11,0.0127376988530159,0.025330916047096252
12,0.012526916339993477,0.024933086708188057
13,0.012479609809815884,0.024168217554688454
14,0.012246677652001381,0.023905115202069283
15,0.012244941666722298,0.02366417460143566
16,0.01206409465521574,0.023427793756127357
17,0.011969085782766342,0.023395249620079994
18,0.011883353814482689,0.02253037318587303
19,0.011906759813427925,0.02185116335749626
20,0.011726927012205124,0.021732034161686897
21,0.011757243424654007,0.022151155397295952
22,0.011653708294034004,0.021356482058763504
23,0.011683334596455097,0.021027516573667526
24,0.01145849097520113,0.02089686132967472
25,0.01144901942461729,0.02143440954387188
26,0.01144067756831646,0.02047150768339634
27,0.011409410275518894,0.02058856002986431
28,0.011351840570569038,0.02080465480685234
29,0.01127683836966753,0.02041688561439514
30,0.01118651032447815,0.02043190784752369
31,0.011212239041924477,0.02056191861629486
32,0.011066311039030552,0.020231371745467186
33,0.011131992563605309,0.02043849602341652
34,0.010977105237543583,0.02051715925335884
35,0.010998690500855446,0.020259074866771698
0,0.030041169375181198,0.033522654324769974
1,0.019940681755542755,0.028975268825888634
2,0.018624156713485718,0.029894467443227768
3,0.016752611845731735,0.029140159487724304
4,0.016180753707885742,0.028526466339826584
5,0.016060899943113327,0.028524845838546753
6,0.015802353620529175,0.028796471655368805
7,0.015705803409218788,0.028168363496661186
8,0.015470084734261036,0.027828074991703033
9,0.015022214502096176,0.028054863214492798
10,0.014134470373392105,0.02707432396709919
11,0.013439237140119076,0.026646966114640236
12,0.01292719691991806,0.02601049654185772
13,0.01264896895736456,0.02556801773607731
14,0.012768586166203022,0.02550785429775715
15,0.01236914936453104,0.02475123293697834
16,0.012232271954417229,0.024666311219334602
17,0.012263773940503597,0.02446049265563488
18,0.012168295681476593,0.02416018769145012
19,0.012132637202739716,0.02378944307565689
20,0.011977829039096832,0.023466620594263077
21,0.011938444338738918,0.023657305166125298
22,0.01175711303949356,0.023640386760234833
23,0.011811885982751846,0.022940609604120255
24,0.011767612770199776,0.02276461571455002
25,0.011602958664298058,0.02244248241186142
26,0.011490453965961933,0.022397585213184357
27,0.011495756916701794,0.022130317986011505
28,0.011424962431192398,0.022324230521917343
29,0.011499368585646152,0.022700466215610504
30,0.0112859345972538,0.02179318480193615
31,0.011209030635654926,0.02181466482579708
32,0.011211181990802288,0.021720072254538536
33,0.011223133653402328,0.021315379068255424
34,0.011148860678076744,0.021540207788348198
35,0.011083196848630905,0.021338675171136856
36,0.011091290973126888,0.021569425240159035
0,0.03213636577129364,0.03276282176375389
1,0.019867368042469025,0.029947977513074875
2,0.01917402073740959,0.02927633933722973
3,0.017958153039216995,0.02901441790163517
4,0.016211237758398056,0.02802388183772564
5,0.014583681710064411,0.02774970978498459
6,0.013689786195755005,0.02668415568768978
7,0.013162639923393726,0.026094993576407433
8,0.012762024998664856,0.0252237431704998
9,0.012585802003741264,0.02450316958129406
10,0.012315911240875721,0.024010462686419487
11,0.012236779555678368,0.023659421131014824
12,0.012247667647898197,0.023674611002206802
13,0.012238542549312115,0.023170746862888336
14,0.012048161588609219,0.022740168496966362
15,0.01203695684671402,0.022515133023262024
16,0.011899243108928204,0.02213677018880844
17,0.011837683618068695,0.022128045558929443
18,0.011692189611494541,0.021468445658683777
19,0.011520259082317352,0.02175062708556652
20,0.011550617404282093,0.021304601803421974
21,0.011548751965165138,0.021314304322004318
22,0.01135064847767353,0.02098117023706436
23,0.011432336643338203,0.02133820205926895
24,0.01129357609897852,0.021025827154517174
25,0.011213661171495914,0.021004263311624527
0,0.029942091554403305,0.03320813924074173
1,0.020026404410600662,0.031223928555846214
2,0.019223779439926147,0.028599591925740242
3,0.017288295552134514,0.029113955795764923
4,0.01626933552324772,0.028322936967015266
5,0.016039716079831123,0.028162244707345963
6,0.015759820118546486,0.028284288942813873
7,0.015554648824036121,0.028706412762403488
8,0.015355772338807583,0.027684660628437996
9,0.015169898048043251,0.0273185633122921
10,0.014896834269165993,0.026853717863559723
11,0.014738685451447964,0.026385825127363205
12,0.01429278776049614,0.02634444646537304
13,0.013870392926037312,0.0266779363155365
14,0.013597230426967144,0.02764667198061943
15,0.01334802620112896,0.027144039049744606
0,0.030108116567134857,0.032893791794776917
1,0.019904345273971558,0.02935636229813099
2,0.01918266899883747,0.02834896743297577
3,0.01749046891927719,0.029148763045668602
4,0.016482535749673843,0.02872706577181816
5,0.016218939796090126,0.028853753581643105
0,0.03145676478743553,0.03291652724146843
1,0.01992650516331196,0.030416980385780334
2,0.019365966320037842,0.029252566397190094
3,0.01851251721382141,0.028952613472938538
4,0.01683836802840233,0.029594743624329567
5,0.016447879374027252,0.029445698484778404
6,0.016003580763936043,0.02841208130121231
7,0.015898576006293297,0.0282242801040411
8,0.015390833839774132,0.027351796627044678
9,0.015173578634858131,0.02660880610346794
10,0.014811472035944462,0.025877133011817932
11,0.01457587257027626,0.026755478233098984
12,0.014313969761133194,0.02722141705453396
13,0.013951017521321774,0.027715308591723442
0,0.029854966327548027,0.03332990035414696
1,0.019864100962877274,0.030146505683660507
2,0.018274622038006783,0.02860819175839424
3,0.016589555889368057,0.029643967747688293
4,0.016192905604839325,0.028288546949625015
5,0.01605173386633396,0.02804122120141983
6,0.015913628041744232,0.027344057336449623
7,0.015814155340194702,0.026907991617918015
8,0.015608829446136951,0.026645585894584656
9,0.015518765896558762,0.026209840551018715
10,0.01534114871174097,0.025974024087190628
11,0.015187765471637249,0.025083282962441444
12,0.014871101826429367,0.024691736325621605
13,0.014612598344683647,0.02421909011900425
14,0.014581646770238876,0.024906963109970093
15,0.014430110342800617,0.025322813540697098
16,0.014269847422838211,0.025237565860152245
0,0.030982298776507378,0.03333093598484993
1,0.0195978581905365,0.03016008995473385
2,0.017492489889264107,0.030172117054462433
3,0.016442418098449707,0.028288912028074265
4,0.01589338481426239,0.028525684028863907
5,0.015565557405352592,0.027732964605093002
6,0.014739003963768482,0.02751740999519825
7,0.014051289297640324,0.02657354436814785
8,0.01352139562368393,0.027150478214025497
9,0.013048614375293255,0.02611371874809265
10,0.012822216376662254,0.025775428861379623
11,0.012690916657447815,0.024646051228046417
12,0.012473217211663723,0.024400882422924042
13,0.012338344007730484,0.023982830345630646
14,0.012182371690869331,0.023309772834181786
15,0.012058967724442482,0.023721545934677124
16,0.012046752497553825,0.023044180124998093
17,0.012013695202767849,0.02236168645322323
18,0.011883505620062351,0.02230829931795597
19,0.011756159365177155,0.021936753764748573
20,0.011726014316082,0.02188095822930336
21,0.01161134708672762,0.02185462974011898
22,0.011701228097081184,0.021763408556580544
23,0.011623619124293327,0.021481497213244438
24,0.011514881625771523,0.021509889513254166
25,0.011575072072446346,0.021172454580664635
26,0.011547940783202648,0.021427446976304054
27,0.011505533941090107,0.02144313044846058
28,0.011379106901586056,0.021157443523406982
29,0.011303741484880447,0.02092164196074009
30,0.011343689635396004,0.021257931366562843
31,0.011279086582362652,0.020770171657204628
32,0.01124750729650259,0.020751699805259705
33,0.011214833706617355,0.020671365782618523
34,0.011172288097441196,0.02045499160885811
35,0.011185921728610992,0.02041926048696041
36,0.01111693773418665,0.02071337215602398
37,0.01112201064825058,0.02065384015440941
38,0.011129263788461685,0.02068907953798771
0,0.030250726267695427,0.03463923931121826
1,0.01999310962855816,0.03094533085823059
2,0.018843282014131546,0.028779637068510056
3,0.017306528985500336,0.028932813555002213
4,0.016362372785806656,0.028545787557959557
5,0.016198191791772842,0.029300108551979065
6,0.01605839841067791,0.0283709317445755
7,0.015836922451853752,0.02807152457535267
8,0.015687208622694016,0.028415925800800323
9,0.01561873871833086,0.028053203597664833
10,0.015351907350122929,0.027246996760368347
11,0.015119059011340141,0.025887830182909966
12,0.014696825295686722,0.026650860905647278
13,0.014033139683306217,0.02617286704480648
14,0.013485962525010109,0.026252316311001778
0,0.03161009028553963,0.0328504778444767
1,0.019981857389211655,0.03005244769155979
2,0.01849767006933689,0.029490061104297638
3,0.01673840545117855,0.029661700129508972
4,0.016212454065680504,0.02949325367808342
5,0.016138486564159393,0.02860822156071663
6,0.016040576621890068,0.028755437582731247
7,0.015783511102199554,0.02851567417383194
8,0.01563471183180809,0.028282014653086662
9,0.015397082082927227,0.027479900047183037
10,0.015337026678025723,0.027790363878011703
11,0.014988739974796772,0.02726331725716591
12,0.014825277961790562,0.026922237128019333
13,0.01464974693953991,0.025857822969555855
14,0.01394673716276884,0.025295963510870934
15,0.01315370760858059,0.025676367804408073
16,0.012720216065645218,0.024283047765493393
17,0.012303072027862072,0.023017937317490578
18,0.012169107794761658,0.022828612476587296
19,0.012020346708595753,0.022620821371674538
20,0.01191796362400055,0.022241691127419472
21,0.011894728057086468,0.02187737450003624
22,0.011789834126830101,0.021761426702141762
23,0.01160379033535719,0.02144906483590603
24,0.011499804444611073,0.021676424890756607
25,0.011402132920920849,0.02178577333688736
26,0.011392339132726192,0.022441739216446877
0,0.029695559293031693,0.03372442349791527
1,0.02028488554060459,0.03184695169329643
2,0.01957680471241474,0.02876999042928219
3,0.018376043066382408,0.02922523207962513
4,0.01675904542207718,0.02922622486948967
5,0.016292614862322807,0.028986962512135506
0,0.03052476793527603,0.032700955867767334
1,0.019937172532081604,0.030597351491451263
2,0.018871165812015533,0.02923813834786415
3,0.016980286687612534,0.02908243052661419
4,0.016232561320066452,0.028771402314305305
5,0.016252528876066208,0.028791552409529686
6,0.01595289818942547,0.028735177591443062
7,0.015759121626615524,0.02816900983452797
8,0.01553118135780096,0.02735128067433834
9,0.01526597235351801,0.0276474729180336
10,0.015138133428990841,0.026397837325930595
11,0.0148392915725708,0.026173079386353493
12,0.014689823612570763,0.025700949132442474
13,0.014566776342689991,0.02640754170715809
14,0.014347841031849384,0.025877557694911957
15,0.014418736100196838,0.026575032621622086
0,0.032334040850400925,0.03323645144701004
1,0.02005873993039131,0.03040929324924946
2,0.01955345831811428,0.029265502467751503
3,0.019149834290146828,0.02843407168984413
4,0.01760498806834221,0.0298155527561903
5,0.0164865180850029,0.028987742960453033
6,0.01609784923493862,0.028650645166635513
0,0.03143659979104996,0.033476103097200394
1,0.020264262333512306,0.032764285802841187
2,0.019529450684785843,0.029286663979291916
3,0.01829070970416069,0.02884593978524208
4,0.016809701919555664,0.028960449621081352
5,0.016285892575979233,0.028631916269659996
6,0.016009071841835976,0.028859863057732582
7,0.01597088947892189,0.02817385084927082
8,0.01579841412603855,0.027858098968863487
9,0.015551076270639896,0.02773231640458107
10,0.015232046134769917,0.0270876232534647
11,0.015070243738591671,0.02721966989338398
12,0.014758565463125706,0.02682005986571312
13,0.014594834297895432,0.026341905817389488
14,0.014303935691714287,0.026149820536375046
15,0.014044106006622314,0.02648278698325157
16,0.013608884997665882,0.026428228244185448
17,0.013326555490493774,0.026000969111919403
18,0.012866148725152016,0.026122713461518288
19,0.012684136629104614,0.024938039481639862
20,0.012679524719715118,0.02497352473437786
21,0.012409341521561146,0.025178417563438416
22,0.012314126826822758,0.024584297090768814
23,0.012200027704238892,0.024395067244768143
24,0.012071099132299423,0.024055330082774162
25,0.011928783729672432,0.023509519174695015
26,0.011992034502327442,0.023098301142454147
27,0.011795354075729847,0.022219620645046234
28,0.01156625710427761,0.02142799273133278
29,0.01153974886983633,0.02130310982465744
30,0.011489304713904858,0.021283533424139023
31,0.011428410187363625,0.020223213359713554
32,0.011187893338501453,0.020009007304906845
33,0.01110706478357315,0.01999952830374241
34,0.0110361622646451,0.02001066319644451
35,0.011016663163900375,0.020355623215436935
36,0.010980124585330486,0.020324742421507835
0,0.03156189247965813,0.03410078212618828
1,0.020228078588843346,0.031793609261512756
2,0.019536707550287247,0.02876914106309414
3,0.01914435252547264,0.028635399416089058
4,0.018479380756616592,0.028233831748366356
5,0.017028814181685448,0.028793059289455414
6,0.016467485576868057,0.028480270877480507
7,0.01599079556763172,0.02764822356402874
8,0.015598874539136887,0.026599964126944542
9,0.014589815400540829,0.026916056871414185
10,0.01412066537886858,0.027518806979060173
11,0.01374039426445961,0.02746545895934105
0,0.032565247267484665,0.03319898992776871
1,0.020329035818576813,0.03215944394469261
2,0.019420860335230827,0.028551634401082993
3,0.017756011337041855,0.030304856598377228
4,0.016960078850388527,0.02909015119075775
5,0.016381273046135902,0.028833754360675812
0,0.031263526529073715,0.0317242257297039
1,0.019417116418480873,0.029406633228063583
2,0.01761576347053051,0.02968697063624859
3,0.01682298444211483,0.029497310519218445
4,0.016537318006157875,0.029024789109826088
5,0.01622316613793373,0.029066316783428192
6,0.015884680673480034,0.028199661523103714
7,0.015675755217671394,0.029661333188414574
8,0.015640558674931526,0.027541078627109528
9,0.015527574345469475,0.02744603157043457
10,0.015048615634441376,0.026710746809840202
11,0.014772914350032806,0.02698502689599991
12,0.014697598293423653,0.026547588407993317
13,0.014400926418602467,0.025905577465891838
14,0.014087843708693981,0.026337625458836555
15,0.013462742790579796,0.026173580437898636
16,0.013082023710012436,0.02583199180662632
17,0.012954403646290302,0.024692794308066368
18,0.012581132352352142,0.02469201199710369
19,0.012317443266510963,0.02453579381108284
20,0.012265861965715885,0.02339630387723446
21,0.01203801017254591,0.023175466805696487
22,0.011874509043991566,0.022657569497823715
23,0.011789076030254364,0.02209419384598732
24,0.011626631021499634,0.02209378220140934
25,0.011632817797362804,0.02201906219124794
26,0.011450186371803284,0.02178982086479664
27,0.011337974108755589,0.02104957401752472
28,0.011337381787598133,0.021140702068805695
29,0.011431001126766205,0.021286817267537117
30,0.011315271258354187,0.02099483460187912
31,0.011255575343966484,0.021043049171566963
32,0.011226566508412361,0.020741194486618042
33,0.01118626818060875,0.020872676745057106
34,0.011176115833222866,0.0208909809589386
35,0.011146227829158306,0.020774051547050476
0,0.02970845066010952,0.03312241658568382
1,0.01986631006002426,0.029461540281772614
2,0.01929059438407421,0.028708871454000473
3,0.018824376165866852,0.02835511974990368
4,0.018071632832288742,0.028399350121617317
5,0.016596712172031403,0.02857310324907303
6,0.01593230664730072,0.028027761727571487
7,0.01545474398881197,0.02811296097934246
8,0.014776070602238178,0.027698740363121033
9,0.014013774693012238,0.02795930951833725
10,0.013760028406977654,0.028058551251888275
11,0.013279421254992485,0.02807132713496685
0,0.030771363526582718,0.033425718545913696
1,0.020331773906946182,0.031660787761211395
2,0.019526036456227303,0.02890457771718502
3,0.018471337854862213,0.0292411707341671
4,0.017046961933374405,0.028911733999848366
5,0.016538523137569427,0.028674207627773285
6,0.016254235059022903,0.028887754306197166
7,0.015981029719114304,0.02895277366042137
8,0.015868457034230232,0.028227312490344048
9,0.015454831533133984,0.027715761214494705
10,0.015178713947534561,0.02687089890241623
11,0.014621301554143429,0.02638297714293003
12,0.01432989351451397,0.02668631635606289
13,0.01402168720960617,0.027201978489756584
14,0.01372173149138689,0.027008190751075745
0,0.03130992874503136,0.03282041847705841
1,0.01976548507809639,0.02927444502711296
2,0.018635744228959084,0.02899930626153946
3,0.016836561262607574,0.028886783868074417
4,0.016348153352737427,0.028471140190958977
5,0.016057785600423813,0.028640126809477806
6,0.015990039333701134,0.028955115005373955
7,0.015743138268589973,0.02805718220770359
8,0.015613268129527569,0.02775876596570015
9,0.015716886147856712,0.027431726455688477
10,0.01518174633383751,0.02733202651143074
11,0.015035971067845821,0.02666618302464485
12,0.01481886487454176,0.027198655530810356
13,0.014627776108682156,0.026563378050923347
14,0.014477254822850227,0.02672743611037731
15,0.014368035830557346,0.026249388232827187
16,0.014164910651743412,0.026700036600232124
17,0.013921924866735935,0.026316175237298012
18,0.013863330706954002,0.026716379448771477
0,0.03220218047499657,0.03356247395277023
1,0.02027878910303116,0.031190812587738037
2,0.019508233293890953,0.029493486508727074
3,0.018029682338237762,0.029448267072439194
4,0.016740331426262856,0.0288217905908823
5,0.016262101009488106,0.02929162234067917
6,0.016162019222974777,0.029294077306985855
7,0.015958286821842194,0.028115946799516678
8,0.0157798882573843,0.028096003457903862
9,0.015627684071660042,0.027904575690627098
10,0.01554929930716753,0.028196455910801888
11,0.015376796014606953,0.027715176343917847
12,0.015247090719640255,0.027800925076007843
13,0.015080536715686321,0.027214402332901955
14,0.014939253218472004,0.026706527918577194
15,0.01475186925381422,0.026528390124440193
16,0.0145843755453825,0.026037029922008514
17,0.014552244916558266,0.02672286331653595
18,0.014444625005126,0.02639293111860752
19,0.014430150389671326,0.02607947774231434
0,0.031002823263406754,0.0347188375890255
1,0.020370598882436752,0.03231022134423256
2,0.019778646528720856,0.029121849685907364
3,0.018125345930457115,0.03067651391029358
4,0.016861459240317345,0.02873186767101288
5,0.0162322036921978,0.029120324179530144
6,0.01604599691927433,0.02894296869635582
7,0.015846338123083115,0.028792768716812134
0,0.03235924616456032,0.03357992321252823
1,0.02013881504535675,0.030894383788108826
2,0.019471509382128716,0.02894086204469204
3,0.018482040613889694,0.03006572462618351
4,0.01673940010368824,0.028755176812410355
5,0.016211457550525665,0.028805484995245934
6,0.016146188601851463,0.028856094926595688
7,0.01601719669997692,0.028291383758187294
8,0.01584296114742756,0.028185097500681877
9,0.0157571192830801,0.027972370386123657
10,0.01574554108083248,0.02780272252857685
11,0.015611096285283566,0.02786673791706562
12,0.015359636396169662,0.02757839858531952
13,0.015156857669353485,0.02727070450782776
14,0.01496094185858965,0.026670049875974655
15,0.014749147929251194,0.025950735434889793
16,0.014455807395279408,0.02588595822453499
17,0.014068291522562504,0.026415981352329254
18,0.013715764507651329,0.026691284030675888
19,0.01323714479804039,0.026420272886753082
0,0.03254658356308937,0.033916909247636795
1,0.0199498999863863,0.03102998062968254
2,0.0187753327190876,0.029643606394529343
3,0.017359338700771332,0.0295081939548254
4,0.01670977659523487,0.029479173943400383
5,0.016201892867684364,0.029205920174717903
6,0.015991825610399246,0.029230434447526932
7,0.015828805044293404,0.028540220111608505
8,0.015663815662264824,0.028860347345471382
9,0.015613177791237831,0.02860652469098568
10,0.015386302024126053,0.028233136981725693
11,0.014974511228501797,0.027646683156490326
12,0.014454854652285576,0.026813440024852753
13,0.014154934324324131,0.027279695495963097
14,0.01393529586493969,0.027272779494524002
15,0.01357314269989729,0.027598025277256966
0,0.029997562989592552,0.034757018089294434
1,0.02030646987259388,0.03272981941699982
2,0.01965172030031681,0.029168663546442986
3,0.01908382959663868,0.028637832030653954
4,0.017749374732375145,0.0283384807407856
5,0.016547396779060364,0.02811894379556179
6,0.0159857589751482,0.02811548486351967
7,0.015591515228152275,0.02763039618730545
8,0.015111599117517471,0.0269999410957098
9,0.014749431051313877,0.02697889879345894
10,0.014415543526411057,0.026368727907538414
11,0.014040393754839897,0.028593681752681732
12,0.013465280644595623,0.02682117186486721
13,0.013142607174813747,0.026643846184015274
